Years_of_Experience,Education_Level,Number_of_Skills,Certifications,Projects,Resume_Score
5.0,PhD,8,4,4,81.6
6.8,Bachelor's,10,3,3,55.57
4.4,Bachelor's,11,2,1,35.91
3.9,Bachelor's,8,1,9,45.6
7.4,Bachelor's,10,2,7,60.19
4.2,PhD,20,1,3,79.42
5.6,Master's,9,2,6,55.57
5.3,Bachelor's,9,2,5,59.72
7.4,Bachelor's,8,2,5,43.23
3.5,Bachelor's,11,2,7,60.07
9.1,High School,8,1,6,15.52
2.8,Bachelor's,12,1,3,32.32
5.9,Master's,16,1,4,63.64
5.4,Master's,6,2,6,53.39
2.6,Diploma,12,2,4,28.43
6.2,Master's,15,4,7,97.82
3.7,Master's,10,0,4,39.04
2.0,Bachelor's,9,1,4,20.29
6.8,Bachelor's,6,2,5,35.48
1.4,Bachelor's,8,0,5,18.5
2.3,Master's,14,3,3,62.63
4.4,Diploma,7,0,4,21.87
7.4,Diploma,7,1,6,25.79
6.5,Bachelor's,5,2,2,24.63
5.0,High School,7,0,3,0.0
1.0,Bachelor's,10,1,5,28.12
2.7,Master's,9,4,4,61.44
3.2,Diploma,12,1,4,29.42
1.9,Bachelor's,12,1,1,29.86
0.7,PhD,15,3,5,76.63
4.5,Bachelor's,14,2,1,38.56
6.6,Bachelor's,13,4,4,55.53
3.0,Bachelor's,10,2,4,33.55
7.3,Diploma,12,2,6,56.87
1.2,Diploma,9,1,4,19.65
1.8,Master's,7,1,5,36.4
4.5,Bachelor's,8,1,3,36.91
2.8,Bachelor's,12,2,8,54.84
6.3,High School,10,1,3,16.89
5.6,Master's,8,0,2,24.27
3.0,High School,8,0,9,27.22
1.3,Master's,12,2,5,50.12
2.7,Bachelor's,7,1,5,24.84
5.7,Bachelor's,14,1,6,55.67
6.4,Bachelor's,8,4,5,66.57
2.8,Diploma,6,0,7,24.28
0.7,Bachelor's,6,2,2,13.15
1.1,Master's,7,1,1,25.44
5.4,Diploma,5,3,9,51.32
2.9,Bachelor's,12,1,3,37.19
3.0,Bachelor's,10,0,4,29.35
1.7,Bachelor's,9,0,1,0.0
1.7,Bachelor's,10,0,4,33.8
7.2,Diploma,11,3,9,54.15
5.5,Bachelor's,11,2,0,22.05
2.4,Diploma,8,0,3,0.0
4.2,Bachelor's,14,0,3,32.17
4.8,Bachelor's,8,3,3,43.81
11.3,Bachelor's,15,1,4,77.91
1.6,Bachelor's,6,0,3,14.49
4.7,Master's,10,2,4,65.95
7.2,Bachelor's,6,0,5,31.38
10.5,Master's,5,3,9,76.2
2.3,Bachelor's,12,0,1,8.54
2.9,Bachelor's,4,0,7,18.63
6.3,Diploma,13,2,7,38.16
1.0,Bachelor's,4,1,4,3.28
5.1,Master's,12,2,4,63.71
13.9,Master's,12,2,4,72.56
5.4,Bachelor's,12,1,3,30.31
0.4,Bachelor's,6,1,1,0.0
2.0,Diploma,7,1,5,21.51
2.4,High School,8,0,2,7.55
8.3,Master's,8,1,9,68.53
3.5,Diploma,8,1,3,23.62
0.7,Diploma,2,0,4,0.0
3.8,PhD,8,1,2,54.58
4.4,PhD,5,3,3,47.33
2.6,Bachelor's,7,1,3,26.89
1.7,Bachelor's,8,1,1,15.6
14.9,Master's,19,1,9,100.0
7.2,Bachelor's,10,2,8,55.5
7.6,Bachelor's,10,1,4,47.97
3.5,Bachelor's,7,0,5,12.2
2.3,Master's,12,0,3,40.65
2.7,Master's,7,1,10,42.76
1.2,Master's,7,2,4,39.79
11.2,Diploma,6,1,8,39.34
3.6,Bachelor's,4,1,4,24.06
9.6,Bachelor's,14,2,7,81.56
2.9,Master's,16,1,7,64.9
5.5,Diploma,9,1,4,27.28
4.6,Diploma,7,0,7,35.56
1.1,Master's,12,2,4,41.53
12.1,Bachelor's,14,2,9,84.87
2.9,Master's,11,5,3,66.14
1.5,Diploma,9,0,4,14.49
6.3,Master's,12,4,5,73.18
4.0,High School,5,3,3,1.27
5.1,High School,6,1,3,13.55
4.3,Bachelor's,12,4,4,46.72
0.4,Bachelor's,6,1,2,26.97
1.9,Bachelor's,11,1,2,17.6
1.8,High School,2,3,0,0.0
7.6,High School,8,6,3,44.51
4.1,Master's,6,3,6,56.63
5.7,Bachelor's,4,2,6,30.41
3.1,Master's,9,4,5,70.94
5.9,Master's,9,0,6,53.25
3.5,Diploma,6,3,3,19.57
3.3,Master's,10,3,4,56.61
4.6,Bachelor's,7,0,4,35.01
4.3,Bachelor's,6,0,4,34.71
18.0,Diploma,13,6,9,100.0
1.9,Master's,9,3,2,32.03
1.0,Bachelor's,12,1,3,19.78
5.1,Bachelor's,9,1,7,35.41
2.1,PhD,10,2,1,42.27
0.4,Bachelor's,8,0,3,13.43
1.5,Master's,12,1,7,54.17
15.5,Master's,9,4,9,100.0
1.9,Master's,12,3,5,42.05
0.7,Master's,7,1,2,23.67
14.9,PhD,21,3,13,100.0
1.5,Diploma,10,1,3,0.0
21.4,Master's,14,5,10,100.0
3.0,Master's,10,1,1,54.73
12.1,Bachelor's,9,2,3,65.06
3.3,Bachelor's,5,0,8,31.61
5.5,PhD,19,2,4,85.02
3.6,Bachelor's,10,3,3,43.12
3.3,Bachelor's,6,0,5,34.18
4.8,Bachelor's,7,0,3,21.2
5.6,Diploma,9,1,10,54.61
4.5,Master's,6,2,1,37.76
4.2,Diploma,7,1,2,25.41
2.2,Master's,6,3,3,46.18
3.7,Master's,11,3,4,58.7
11.1,Bachelor's,8,4,8,79.12
2.1,Master's,4,3,1,24.97
4.9,Diploma,12,2,2,39.18
8.9,Master's,9,3,9,78.27
5.7,PhD,14,1,10,89.64
7.6,Diploma,1,2,7,27.33
1.5,Master's,10,0,5,27.42
4.9,Bachelor's,10,1,3,37.44
3.2,Bachelor's,3,1,4,6.05
3.3,Master's,8,6,2,54.01
10.5,Bachelor's,16,3,7,92.53
3.3,Bachelor's,10,1,6,41.18
5.0,Bachelor's,10,0,5,38.41
0.7,Bachelor's,9,1,4,17.68
12.1,Master's,12,3,10,100.0
7.3,Diploma,11,1,3,28.41
3.8,Bachelor's,8,3,4,45.43
3.1,Diploma,13,0,6,40.96
6.1,Master's,7,2,8,50.75
8.9,Bachelor's,15,2,6,69.91
12.2,Bachelor's,15,2,5,76.01
7.2,Bachelor's,16,1,11,82.27
4.2,Bachelor's,12,2,5,42.12
7.9,PhD,10,2,8,76.1
6.9,Bachelor's,11,1,1,37.78
4.2,Bachelor's,11,0,5,33.16
6.8,Master's,14,2,7,76.54
6.7,Bachelor's,6,5,6,65.93
3.8,Bachelor's,7,4,7,39.51
2.6,Bachelor's,12,2,6,46.46
6.3,Diploma,8,0,1,9.98
1.6,Master's,7,0,4,27.75
1.3,Master's,7,1,3,24.14
5.0,Master's,7,1,8,45.38
6.2,Master's,8,2,11,76.39
5.0,Bachelor's,5,3,2,51.21
5.4,Bachelor's,14,3,3,55.39
6.1,Bachelor's,8,6,3,52.84
10.5,PhD,16,0,7,88.73
7.2,Master's,7,1,8,67.42
7.1,Bachelor's,12,0,3,35.84
4.8,Master's,13,2,7,78.94
4.9,Master's,15,2,3,50.56
3.6,Master's,7,0,4,34.88
5.3,Master's,8,3,7,68.66
1.5,Bachelor's,10,2,5,42.02
10.6,Bachelor's,14,2,5,77.7
2.0,Bachelor's,7,1,1,16.29
7.2,Bachelor's,17,2,4,75.21
9.7,PhD,18,1,8,96.81
7.2,Bachelor's,8,1,3,33.14
16.4,Bachelor's,14,6,11,100.0
0.4,Bachelor's,7,0,1,15.83
2.7,Bachelor's,7,1,3,25.71
9.6,Bachelor's,16,3,4,81.16
1.2,Diploma,6,1,6,12.72
2.0,Master's,14,1,6,61.84
5.9,Bachelor's,9,1,2,22.04
4.2,Bachelor's,13,1,3,37.81
5.6,Bachelor's,11,1,2,35.69
4.4,Bachelor's,11,2,5,43.81
4.8,Master's,8,3,9,65.83
2.2,Master's,13,4,2,60.44
4.6,Diploma,12,0,2,23.44
2.9,PhD,13,2,2,68.15
3.2,Master's,11,1,4,31.06
7.2,Bachelor's,11,0,6,60.01
1.2,Bachelor's,13,0,7,34.27
0.3,Bachelor's,9,1,4,32.55
6.8,Master's,11,5,5,75.72
4.6,Bachelor's,8,1,1,27.06
9.7,Bachelor's,9,0,3,34.96
2.1,Master's,18,1,5,53.65
3.7,Master's,6,2,6,50.98
4.3,Master's,11,2,6,40.64
2.4,Master's,9,1,7,39.24
1.8,Diploma,11,0,8,34.39
7.0,Master's,9,3,5,62.2
1.1,Bachelor's,5,0,0,0.0
1.6,Diploma,11,1,2,26.42
3.6,PhD,11,1,8,83.46
7.6,Bachelor's,9,0,2,33.76
2.6,Diploma,10,0,1,17.52
2.3,Bachelor's,11,0,3,36.97
3.4,Bachelor's,8,1,5,32.46
5.2,Diploma,10,1,3,22.63
3.0,Bachelor's,7,1,5,29.7
8.3,Master's,7,1,9,56.02
8.5,Master's,8,0,10,72.08
3.6,Diploma,7,0,5,13.38
13.6,Bachelor's,9,1,8,74.2
4.2,Master's,8,2,9,62.03
8.3,Diploma,8,1,7,36.35
5.1,Bachelor's,10,2,4,43.79
5.1,High School,5,0,6,0.0
0.8,Bachelor's,11,1,4,25.5
1.4,Diploma,12,0,5,12.91
3.2,Master's,13,3,5,57.03
8.5,PhD,9,1,7,59.82
5.2,Bachelor's,6,2,9,46.49
3.2,Bachelor's,13,2,8,60.88
6.2,Bachelor's,11,4,3,57.43
8.3,High School,3,1,8,31.43
4.0,Master's,9,3,4,46.47
4.7,Bachelor's,8,1,7,38.77
4.3,PhD,21,4,5,100.0
3.8,Bachelor's,6,1,9,40.18
2.0,Diploma,10,1,6,27.17
1.9,Bachelor's,15,2,2,56.08
6.2,Bachelor's,17,0,6,58.38
8.4,Master's,10,1,4,55.8
3.2,Master's,9,0,5,32.63
3.1,Bachelor's,8,0,6,27.8
0.6,Bachelor's,9,3,2,34.8
0.5,Master's,14,2,2,48.57
9.9,Master's,17,6,9,100.0
2.2,Diploma,13,0,3,22.58
17.2,High School,13,2,9,64.36
2.5,Diploma,16,0,3,32.5
0.9,Bachelor's,10,3,6,43.06
4.3,Bachelor's,8,2,4,37.01
7.0,Diploma,11,1,4,45.96
6.4,Bachelor's,13,3,4,57.64
7.5,Bachelor's,11,0,4,48.32
1.7,Diploma,4,0,5,0.0
9.7,Master's,14,3,7,79.69
10.1,Bachelor's,10,2,4,54.37
10.4,Bachelor's,6,1,3,40.28
4.9,Bachelor's,10,2,7,56.33
3.0,Bachelor's,11,2,4,32.16
2.8,Master's,9,2,3,53.38
0.8,Bachelor's,11,0,3,14.29
2.6,Bachelor's,6,0,6,23.1
0.2,Master's,4,2,4,25.89
0.7,Master's,7,1,3,28.89
4.8,Master's,7,4,5,62.09
3.3,Bachelor's,8,1,5,48.93
4.7,Diploma,10,3,4,32.85
6.6,Master's,12,5,6,85.8
5.3,Bachelor's,7,1,13,58.75
5.0,Master's,12,4,3,72.48
3.7,Master's,12,2,5,61.2
2.1,Bachelor's,3,0,2,5.05
1.3,Bachelor's,6,1,2,1.86
2.6,Bachelor's,7,0,4,16.88
3.8,Bachelor's,9,0,6,27.16
4.2,Master's,8,1,5,41.94
7.5,Master's,14,4,4,74.19
3.5,Bachelor's,10,0,7,34.95
6.0,Master's,14,4,8,84.6
1.0,Bachelor's,10,1,3,21.44
4.9,Master's,7,3,9,63.97
4.6,Bachelor's,8,2,3,28.1
9.7,Master's,5,6,4,75.24
3.3,Master's,11,4,5,57.14
3.2,Bachelor's,6,1,5,22.87
6.6,Bachelor's,6,0,4,29.26
1.3,Master's,10,3,3,25.94
4.8,Bachelor's,15,1,6,74.46
1.3,Master's,7,0,4,30.55
12.7,PhD,11,4,6,100.0
2.8,Master's,8,2,5,41.98
1.2,Bachelor's,10,2,5,36.21
2.6,Bachelor's,5,1,6,17.2
4.8,PhD,13,1,2,63.85
5.8,Bachelor's,8,0,6,25.49
9.4,Diploma,7,1,5,28.24
2.3,High School,7,3,2,1.74
6.9,Master's,14,1,5,78.42
0.7,Bachelor's,6,0,5,7.1
1.6,Bachelor's,9,0,4,24.44
1.0,Bachelor's,9,1,1,0.91
2.0,Master's,12,1,6,51.3
6.6,Bachelor's,12,4,6,81.26
2.4,Master's,11,0,2,37.14
2.8,Master's,14,2,6,47.64
4.9,PhD,6,2,6,60.86
5.6,Master's,6,4,2,46.53
2.9,Bachelor's,11,1,5,47.2
1.6,Master's,9,1,4,36.26
11.4,High School,5,1,5,17.86
2.9,PhD,11,3,2,58.36
3.1,Bachelor's,10,1,7,37.17
3.4,Master's,5,1,4,16.98
6.1,Master's,15,1,6,68.97
0.9,Diploma,9,1,4,14.36
14.3,Master's,9,3,6,92.49
3.0,High School,5,1,3,5.33
6.2,Bachelor's,8,3,3,42.29
1.2,Bachelor's,8,0,3,4.46
4.5,Bachelor's,7,4,5,41.43
12.9,Bachelor's,13,4,10,100.0
11.7,Master's,4,2,6,74.49
6.1,Bachelor's,8,2,13,68.81
1.9,Bachelor's,11,0,1,17.77
9.1,Master's,14,4,5,86.18
0.7,Master's,12,1,1,32.52
1.8,High School,8,1,5,21.32
3.8,PhD,13,1,10,80.23
0.8,High School,8,1,2,0.0
2.6,Bachelor's,10,3,6,47.58
7.0,Bachelor's,14,3,4,58.8
2.2,Master's,7,2,4,27.27
7.2,Diploma,7,1,3,12.41
16.9,Diploma,9,6,6,85.51
5.3,Master's,14,1,4,68.35
7.1,Diploma,11,1,4,45.88
9.3,Bachelor's,10,1,7,52.33
2.8,Master's,12,4,3,57.61
7.0,Master's,10,5,7,83.88
2.7,Bachelor's,10,4,8,52.85
5.1,Bachelor's,14,1,4,58.4
7.7,PhD,12,3,4,87.34
1.9,Bachelor's,4,1,5,21.4
0.3,High School,10,1,2,0.0
1.8,Bachelor's,12,1,3,19.9
8.5,Bachelor's,13,4,5,83.48
1.6,PhD,11,1,7,65.11
8.2,Bachelor's,10,2,4,56.19
1.8,High School,4,0,2,0.0
3.4,Bachelor's,10,1,3,26.61
4.0,Diploma,4,2,3,17.08
1.6,Bachelor's,13,0,1,30.68
3.4,PhD,10,4,4,81.77
0.8,Master's,11,1,2,28.05
3.0,Diploma,6,2,1,8.15
3.7,Bachelor's,4,1,7,14.52
0.3,Diploma,5,0,3,0.0
1.8,Diploma,2,0,4,0.0
4.9,Bachelor's,6,2,3,24.83
1.4,Bachelor's,11,0,7,20.41
5.6,Master's,7,4,6,55.52
6.0,Master's,14,1,4,64.24
4.9,Bachelor's,16,1,1,46.88
6.9,Master's,11,2,5,52.91
0.8,Bachelor's,8,2,3,32.85
8.0,Bachelor's,6,3,7,51.6
1.6,Master's,12,0,3,38.43
4.3,High School,5,2,3,6.66
12.6,Bachelor's,9,3,3,65.46
3.0,Master's,15,1,5,51.29
4.0,Bachelor's,13,2,7,56.54
1.6,Master's,4,2,2,26.02
12.5,Bachelor's,11,2,3,63.78
1.8,Master's,9,1,6,44.21
6.3,Diploma,5,0,4,24.2
9.3,Diploma,8,1,4,33.23
6.8,Bachelor's,9,1,11,67.41
5.2,Master's,8,2,5,51.34
4.3,Diploma,19,1,8,70.14
1.2,Master's,17,1,2,38.42
12.1,Bachelor's,8,2,10,87.21
4.8,Bachelor's,12,3,1,39.85
4.0,Bachelor's,7,1,5,47.53
1.5,Diploma,8,0,2,6.35
4.2,PhD,9,2,8,77.69
3.8,Bachelor's,8,1,4,29.63
12.6,Master's,7,3,12,100.0
4.0,Bachelor's,11,1,5,46.41
4.1,Bachelor's,9,1,3,30.06
1.5,Bachelor's,5,0,2,12.0
2.1,Master's,9,0,7,17.85
5.8,Master's,16,1,5,64.04
0.6,Bachelor's,9,1,3,20.96
7.9,Bachelor's,12,0,5,54.23
8.1,Bachelor's,16,1,11,90.07
1.9,Bachelor's,8,3,4,32.78
5.2,Bachelor's,13,0,5,42.07
9.5,Bachelor's,19,2,3,81.67
3.6,Master's,12,0,4,53.71
3.1,PhD,7,2,3,54.21
3.4,PhD,10,2,8,70.31
4.8,Master's,15,1,6,85.18
2.4,Bachelor's,9,2,4,34.34
2.9,Master's,9,1,5,45.36
4.9,Diploma,8,3,3,42.24
2.7,Bachelor's,6,0,6,35.29
1.4,Bachelor's,8,2,4,33.66
0.6,High School,8,1,2,0.0
4.1,PhD,16,0,5,70.2
9.1,Master's,8,1,10,78.18
5.4,Bachelor's,12,0,3,51.65
1.4,Bachelor's,9,0,7,51.93
2.1,Master's,8,1,3,28.76
3.1,Bachelor's,11,1,2,36.2
12.8,Master's,18,6,10,100.0
13.3,PhD,12,3,11,100.0
12.3,Bachelor's,13,0,4,56.51
4.4,Bachelor's,4,1,0,23.67
24.1,Bachelor's,16,3,17,100.0
2.2,Diploma,4,0,3,0.89
3.0,Bachelor's,12,1,5,41.18
7.5,High School,7,4,10,53.3
4.9,Diploma,8,2,5,34.42
5.1,Bachelor's,14,2,5,51.38
1.7,Diploma,9,1,3,1.32
3.8,Master's,13,1,3,40.18
2.2,Diploma,3,1,3,0.0
1.1,Master's,9,0,4,32.25
2.4,Bachelor's,5,1,5,16.56
4.9,Diploma,11,1,1,29.19
6.7,High School,11,0,6,28.76
0.5,Master's,8,1,1,9.06
4.0,Bachelor's,14,2,4,47.22
3.7,Bachelor's,6,0,6,11.36
4.7,Diploma,7,0,7,16.5
1.5,PhD,11,2,8,64.59
1.5,Diploma,8,1,4,6.78
9.2,Bachelor's,16,2,4,84.13
1.9,Master's,12,2,7,63.99
2.9,Bachelor's,10,1,2,24.57
3.1,Bachelor's,9,0,2,31.01
2.2,Master's,10,2,2,32.77
5.7,Bachelor's,12,1,8,55.15
5.3,High School,9,2,2,22.08
3.6,Bachelor's,5,2,2,13.77
2.4,High School,6,1,3,3.47
3.3,Master's,14,4,5,73.0
4.2,Bachelor's,8,1,6,42.2
2.1,Bachelor's,11,1,3,43.16
6.0,Bachelor's,9,1,7,51.83
7.9,Master's,9,2,9,75.89
10.3,Master's,9,4,9,80.43
9.9,Diploma,11,4,4,61.21
3.1,Master's,5,2,5,36.11
4.4,Bachelor's,6,0,7,31.08
3.5,Master's,8,0,8,43.81
3.5,Bachelor's,9,1,3,32.96
3.3,Diploma,7,0,5,7.63
4.0,Master's,7,2,0,33.84
8.8,Master's,14,7,6,96.44
5.0,Bachelor's,10,1,7,34.65
1.4,High School,3,1,1,0.0
7.7,Master's,8,2,7,69.55
4.7,Bachelor's,10,1,6,38.34
5.7,Bachelor's,11,1,1,35.64
5.0,Bachelor's,9,0,2,23.43
5.1,Diploma,11,2,3,25.55
5.3,Diploma,9,2,4,36.09
0.7,High School,12,0,4,1.0
5.7,Master's,16,0,4,63.59
2.2,Bachelor's,10,2,5,27.72
2.7,Master's,13,2,2,49.48
4.0,PhD,11,3,6,78.97
11.4,Master's,15,1,5,85.5
1.6,Bachelor's,11,1,3,35.02
3.9,Bachelor's,8,1,7,44.69
3.3,Bachelor's,8,1,3,28.6
7.6,Bachelor's,12,2,6,68.24
3.2,PhD,11,0,3,46.31
4.7,Master's,9,5,3,65.85
1.6,Bachelor's,9,1,5,29.79
8.5,Bachelor's,11,2,4,70.04
1.0,Master's,7,0,2,21.93
5.6,Diploma,6,1,8,23.41
4.8,Master's,8,3,7,64.17
5.3,Bachelor's,15,3,7,62.96
1.0,Master's,10,0,2,32.35
3.1,Master's,7,1,3,39.25
7.3,Bachelor's,5,1,4,29.57
12.5,Diploma,20,1,9,81.46
3.7,Master's,12,3,3,57.69
6.9,Bachelor's,5,1,1,17.39
4.4,Bachelor's,12,1,3,32.88
3.8,Bachelor's,10,0,4,27.09
2.8,Bachelor's,9,0,1,21.28
4.0,Master's,9,4,1,38.44
6.5,Diploma,6,1,2,12.31
6.8,Bachelor's,8,0,6,58.47
1.3,Master's,13,3,1,60.5
2.6,High School,2,2,2,0.27
1.6,Bachelor's,8,1,3,21.71
4.2,Master's,12,3,4,66.66
3.0,Master's,17,3,1,57.71
5.1,Bachelor's,9,1,4,17.09
5.4,Master's,7,1,5,42.22
0.3,Bachelor's,8,0,3,9.37
4.0,Bachelor's,6,2,1,22.78
8.9,PhD,13,3,5,94.12
2.6,Master's,16,1,5,71.51
2.6,Bachelor's,8,0,4,22.8
7.9,Bachelor's,8,2,8,51.98
7.1,Bachelor's,11,0,5,44.38
1.7,Diploma,7,1,3,13.77
6.6,Master's,16,3,6,82.68
2.1,Master's,5,4,5,40.21
2.6,Bachelor's,9,1,3,30.55
1.7,Bachelor's,12,1,2,19.75
1.3,Bachelor's,12,1,2,20.52
4.3,Diploma,5,0,4,13.27
1.1,Master's,12,1,6,42.69
4.5,Bachelor's,11,1,6,43.23
4.4,Bachelor's,11,2,4,44.47
3.5,Bachelor's,12,4,4,53.17
2.7,PhD,14,1,4,55.19
2.3,Diploma,3,0,3,0.0
1.5,Bachelor's,7,1,3,11.99
10.4,Bachelor's,14,4,2,84.76
3.4,Diploma,6,1,3,8.72
3.3,Bachelor's,11,0,2,30.28
1.8,Bachelor's,13,1,0,30.32
9.6,Diploma,9,1,12,60.87
2.4,Diploma,4,0,4,0.0
4.8,Master's,9,4,8,77.69
5.5,Bachelor's,3,1,1,4.74
4.4,Bachelor's,14,3,6,52.67
1.0,Bachelor's,6,2,4,27.04
6.4,Master's,12,1,6,62.6
2.4,Master's,10,4,4,50.63
7.0,Master's,18,4,3,81.6
3.8,Bachelor's,5,0,5,16.13
5.7,Bachelor's,7,0,6,51.28
9.2,Bachelor's,10,2,12,87.17
6.2,Bachelor's,13,2,8,60.07
5.8,Bachelor's,7,1,9,46.76
6.6,Diploma,7,3,11,60.81
2.0,Bachelor's,8,1,5,21.28
7.2,Bachelor's,9,1,6,44.95
3.2,High School,8,2,1,2.13
3.3,Bachelor's,8,2,3,24.62
4.2,Master's,7,3,4,57.42
3.0,Bachelor's,7,0,3,13.19
1.7,Master's,8,0,3,26.42
4.0,Bachelor's,8,1,7,41.09
3.3,Master's,14,7,6,99.59
3.2,Master's,6,0,7,38.12
3.7,Diploma,9,0,1,24.76
0.4,PhD,7,1,4,36.38
3.2,High School,6,0,2,0.0
10.0,Bachelor's,11,0,7,67.14
9.5,Master's,16,2,8,100.0
4.1,Bachelor's,2,1,4,15.62
4.0,Bachelor's,13,1,7,61.1
0.3,Bachelor's,12,2,3,37.93
2.5,Diploma,9,4,5,30.51
6.5,High School,5,0,7,15.08
2.9,Diploma,6,0,2,2.25
8.1,Diploma,6,1,8,32.64
7.8,Bachelor's,15,1,6,66.17
2.5,Bachelor's,8,2,4,32.28
4.4,Bachelor's,11,0,5,40.63
10.5,Master's,15,2,5,85.49
1.0,High School,2,0,5,0.0
3.0,Bachelor's,12,1,2,49.99
0.9,Master's,6,1,3,26.52
1.9,Master's,6,1,5,43.32
12.6,Bachelor's,13,3,5,84.08
3.0,Diploma,7,3,3,33.37
0.5,Master's,6,1,0,9.21
1.6,Master's,3,1,5,25.15
0.8,Bachelor's,14,1,3,29.87
4.5,Bachelor's,6,2,5,31.61
5.4,High School,5,3,2,13.35
7.3,Bachelor's,15,2,8,72.27
6.3,Master's,13,4,9,78.59
1.1,Master's,7,1,4,28.58
5.2,Bachelor's,11,0,1,25.62
3.6,Bachelor's,7,0,2,23.75
8.0,Master's,12,2,10,74.62
6.8,Bachelor's,7,3,7,51.76
13.7,Master's,10,3,5,81.81
1.8,Bachelor's,10,0,3,27.46
1.5,Bachelor's,12,1,3,26.5
2.7,Bachelor's,8,0,6,36.45
3.7,Bachelor's,8,0,4,25.46
2.3,PhD,12,5,7,87.69
1.8,Bachelor's,8,0,7,37.18
5.0,Bachelor's,7,5,6,47.87
2.7,Bachelor's,9,1,4,28.11
2.2,Bachelor's,11,0,4,31.56
1.1,Bachelor's,8,0,3,16.67
0.3,Master's,11,0,6,29.51
9.7,Bachelor's,6,0,5,46.83
9.5,Bachelor's,11,2,6,65.6
6.9,Bachelor's,14,2,6,65.61
5.9,Diploma,6,2,3,22.12
2.5,Master's,13,2,4,30.36
6.0,Bachelor's,11,2,4,53.08
1.4,Bachelor's,8,2,3,29.84
4.3,Master's,6,1,5,37.72
2.0,Master's,10,2,5,37.25
6.0,Master's,10,2,5,56.01
11.0,Bachelor's,9,2,7,75.22
1.6,Bachelor's,16,1,6,46.06
2.6,Master's,10,2,2,41.28
4.2,Bachelor's,10,1,6,40.13
0.6,Bachelor's,4,1,3,11.35
0.9,Bachelor's,11,0,3,12.0
10.8,Master's,14,4,7,97.32
5.0,Diploma,9,0,5,32.7
2.4,Bachelor's,5,1,5,15.82
3.9,Diploma,6,1,0,2.3
2.7,Bachelor's,9,0,2,27.08
4.3,Master's,9,4,2,58.68
2.8,Bachelor's,16,0,3,42.38
3.7,Bachelor's,8,3,9,57.52
6.4,Master's,9,1,2,47.98
6.1,Master's,11,3,10,80.33
10.4,Bachelor's,10,3,8,84.25
5.3,PhD,7,2,7,63.57
4.1,Bachelor's,5,0,4,12.6
11.4,Master's,17,4,4,88.62
3.4,Diploma,4,0,6,6.55
0.3,Bachelor's,9,1,2,12.35
7.0,Bachelor's,7,3,7,50.89
4.8,Diploma,9,2,4,21.87
3.9,Bachelor's,19,1,5,62.71
7.1,Diploma,10,0,5,26.2
2.8,Bachelor's,11,2,5,46.62
0.4,Diploma,11,0,3,15.22
7.2,Diploma,10,0,6,55.34
2.3,PhD,12,0,3,45.42
1.7,Master's,8,1,4,33.76
0.4,PhD,13,2,7,61.23
6.8,Bachelor's,10,1,5,38.67
0.2,High School,8,0,1,0.0
9.2,Bachelor's,12,1,3,47.47
3.0,Bachelor's,2,1,6,11.5
7.0,High School,12,2,3,32.55
5.4,Master's,8,0,7,42.06
12.8,Bachelor's,9,2,11,89.14
5.3,Master's,11,2,6,69.49
8.9,Bachelor's,9,2,6,52.41
2.5,Bachelor's,10,1,4,41.99
0.8,Bachelor's,10,1,3,26.7
7.8,PhD,10,3,6,82.67
0.8,Bachelor's,10,0,2,3.01
6.8,Diploma,13,1,4,28.51
1.5,Diploma,7,0,4,18.25
4.9,Bachelor's,12,0,5,51.41
13.0,PhD,14,10,7,100.0
6.4,Master's,9,3,10,91.87
3.4,Master's,11,0,5,55.35
5.5,PhD,12,2,3,69.36
2.6,Master's,10,1,2,40.52
16.3,Bachelor's,11,1,8,81.41
2.1,Bachelor's,10,0,4,27.56
3.7,Diploma,13,0,5,35.71
6.0,Bachelor's,11,0,4,45.27
5.2,Bachelor's,12,1,5,46.37
5.6,Bachelor's,5,1,6,20.0
2.6,PhD,10,0,3,33.8
3.3,PhD,8,0,4,48.74
7.6,Bachelor's,10,0,6,44.17
7.3,Master's,11,4,1,68.67
5.3,Bachelor's,16,4,3,56.29
9.7,Diploma,14,3,12,94.99
7.8,Bachelor's,10,0,7,44.52
7.2,Bachelor's,8,2,6,62.28
0.8,Bachelor's,11,0,3,9.98
5.2,Bachelor's,8,1,4,39.37
4.6,Diploma,12,0,6,26.61
10.5,Bachelor's,12,1,7,68.72
3.5,Master's,9,1,5,53.45
4.3,Diploma,8,0,5,26.85
1.5,Bachelor's,3,0,2,0.0
1.8,Bachelor's,10,1,3,22.18
10.5,Bachelor's,9,4,5,58.39
5.6,Bachelor's,9,1,9,40.0
13.0,High School,7,1,6,34.68
3.5,Bachelor's,16,0,8,49.54
1.0,Bachelor's,12,1,3,17.96
3.1,Master's,17,1,5,61.68
2.7,Bachelor's,13,2,1,34.99
6.6,Bachelor's,11,4,7,68.98
6.4,Bachelor's,18,1,4,56.13
5.8,Bachelor's,8,1,2,26.55
15.6,Bachelor's,10,6,6,97.36
9.3,High School,9,1,3,31.82
1.9,Bachelor's,10,1,4,24.95
7.9,Master's,13,2,2,51.43
4.1,Diploma,4,0,2,0.0
3.4,Diploma,4,0,3,0.0
10.1,Master's,14,0,7,66.02
1.8,Bachelor's,4,1,6,18.45
7.6,Master's,11,1,5,55.8
6.8,PhD,16,2,3,80.28
1.8,PhD,12,0,5,56.27
0.8,Bachelor's,14,1,1,23.33
3.7,Bachelor's,9,1,6,42.52
8.6,Bachelor's,9,1,9,59.76
5.2,Bachelor's,13,1,9,59.48
10.3,Bachelor's,17,4,6,88.88
5.0,Bachelor's,9,0,2,24.67
10.8,Diploma,14,2,5,52.77
2.4,Bachelor's,3,2,5,9.11
5.8,Diploma,9,0,6,38.16
2.9,Diploma,5,3,0,10.0
3.7,Master's,13,2,3,50.37
4.3,High School,6,3,1,15.38
5.2,Bachelor's,13,1,4,67.79
2.1,PhD,7,3,7,51.27
5.6,Bachelor's,9,2,3,39.94
4.1,Bachelor's,9,0,6,40.14
1.1,Master's,11,0,3,20.58
0.6,Bachelor's,3,0,3,0.0
8.6,Bachelor's,5,3,5,57.25
3.5,Master's,14,4,3,65.15
1.0,Master's,9,1,1,21.29
12.0,Master's,11,4,4,74.37
6.0,PhD,10,0,5,63.24
5.1,Bachelor's,10,0,6,30.21
2.0,Master's,12,0,1,24.2
1.1,Bachelor's,10,0,8,27.61
4.6,Master's,7,1,5,41.56
3.9,Master's,17,2,4,59.21
1.5,Master's,3,3,6,30.89
1.5,Master's,11,3,9,72.5
1.4,Bachelor's,13,1,5,39.7
1.3,Master's,16,2,5,60.36
2.4,Bachelor's,10,1,6,40.5
5.1,Bachelor's,11,0,4,29.2
5.8,Master's,15,4,3,77.35
3.9,Master's,11,3,5,63.98
4.4,Bachelor's,2,0,3,3.26
6.0,Bachelor's,8,1,2,35.79
0.5,Bachelor's,13,2,4,39.32
4.7,Diploma,5,2,5,25.68
9.6,Bachelor's,8,2,4,64.86
3.4,Master's,8,1,2,34.95
8.4,Bachelor's,12,1,3,44.03
3.5,PhD,9,3,6,69.15
6.2,Bachelor's,15,6,6,83.89
5.0,Master's,16,4,6,75.34
1.4,Bachelor's,7,2,1,2.38
1.7,Master's,8,2,6,45.05
10.8,Bachelor's,14,8,9,100.0
7.2,Master's,13,1,10,87.57
3.7,Master's,7,1,3,37.6
3.3,Bachelor's,14,0,2,44.43
2.0,Diploma,8,1,3,13.55
5.4,Bachelor's,8,1,2,28.18
2.1,Master's,6,0,8,39.97
3.0,Bachelor's,13,3,6,50.14
2.4,Bachelor's,10,2,7,35.61
6.9,Bachelor's,14,1,6,52.75
3.6,Bachelor's,6,2,2,20.81
4.4,Master's,9,4,5,68.68
1.4,Master's,10,1,3,25.17
2.3,Master's,12,2,6,49.55
4.5,Master's,12,1,4,58.52
0.8,Master's,16,1,4,48.5
3.4,Bachelor's,10,0,8,39.94
4.0,PhD,8,3,6,64.55
1.2,Diploma,5,1,7,28.84
8.1,Bachelor's,10,0,4,47.59
5.2,Master's,14,2,1,57.1
3.5,Bachelor's,8,2,5,39.03
2.2,Bachelor's,15,1,4,45.6
0.8,Bachelor's,6,0,4,26.16
7.7,Bachelor's,11,0,5,44.84
2.7,Master's,16,5,3,73.85
1.0,Bachelor's,6,0,2,7.48
2.1,Diploma,8,1,6,28.04
5.6,Bachelor's,11,0,6,56.9
4.8,Bachelor's,5,0,2,11.77
1.5,Diploma,7,0,1,1.18
8.6,Bachelor's,14,5,5,82.15
1.0,Bachelor's,7,1,4,9.97
9.9,Diploma,3,3,12,66.8
4.6,Bachelor's,12,2,2,52.91
2.9,Bachelor's,11,0,4,36.55
3.3,Master's,14,2,2,47.94
4.2,Bachelor's,6,2,2,16.12
5.9,Bachelor's,8,1,5,44.65
0.6,PhD,10,1,7,47.59
2.1,Bachelor's,7,0,3,8.59
4.1,High School,8,2,5,20.28
8.9,Master's,9,2,9,83.32
8.6,Diploma,5,2,5,32.75
11.2,Master's,15,6,8,100.0
8.4,Master's,13,0,6,66.78
1.9,PhD,14,3,5,65.57
3.9,PhD,15,1,4,65.4
8.4,Bachelor's,13,2,5,51.88
7.8,Master's,11,0,3,57.71
3.4,Bachelor's,8,1,1,41.32
5.8,Bachelor's,17,2,2,57.16
2.7,Bachelor's,15,1,4,52.82
0.9,Diploma,5,0,3,0.0
3.6,High School,7,1,3,0.0
3.5,Diploma,8,0,6,37.37
2.6,Diploma,13,2,3,24.29
5.9,Bachelor's,6,2,3,41.02
3.3,Master's,14,5,3,71.26
5.3,Bachelor's,16,0,6,63.98
6.8,Master's,11,2,11,81.83
16.9,Master's,14,2,9,100.0
3.7,Master's,7,2,8,50.06
8.9,Bachelor's,11,0,6,71.38
4.7,Master's,11,2,5,60.83
4.9,Master's,12,2,1,65.67
3.7,Master's,9,1,7,49.3
4.4,Master's,9,3,6,65.79
3.3,Bachelor's,9,1,5,25.19
7.9,Bachelor's,12,4,5,69.59
2.1,Master's,9,2,6,65.42
0.9,Bachelor's,8,1,3,13.56
2.6,Master's,16,3,4,60.76
2.3,Diploma,8,1,2,16.3
2.6,High School,6,0,3,0.0
3.6,Bachelor's,7,0,3,34.17
2.6,Diploma,7,1,3,9.91
3.5,PhD,8,3,6,66.35
2.6,High School,5,3,3,8.42
5.4,Master's,8,2,3,39.67
16.8,Bachelor's,11,2,6,77.18
4.7,PhD,8,1,2,37.95
2.7,Bachelor's,9,3,5,17.95
0.3,High School,4,0,3,0.0
13.3,High School,8,4,7,51.56
4.9,Bachelor's,9,1,10,50.1
3.5,PhD,10,3,3,69.23
0.3,PhD,14,1,4,48.28
3.7,Bachelor's,13,3,5,59.73
4.4,Bachelor's,10,2,3,27.43
2.6,Diploma,9,0,2,3.69
1.1,Bachelor's,11,2,2,41.56
1.0,Bachelor's,6,2,3,16.48
13.4,Bachelor's,8,2,3,70.31
4.3,Bachelor's,6,1,4,44.91
2.6,Master's,8,3,1,35.09
4.1,High School,9,1,3,5.6
3.9,Bachelor's,9,2,5,25.22
1.0,Bachelor's,6,2,5,27.66
7.6,Diploma,10,3,3,45.67
3.4,Diploma,9,3,5,39.72
4.4,Bachelor's,8,1,10,60.48
10.5,Diploma,6,2,6,38.57
1.2,Master's,12,0,1,43.11
2.0,Master's,7,1,4,31.39
5.1,Master's,9,1,9,64.69
7.5,Master's,9,5,3,69.76
2.4,Diploma,10,0,5,13.66
2.5,Diploma,8,1,4,7.86
6.3,Bachelor's,8,2,4,44.43
15.9,PhD,14,3,11,100.0
4.2,PhD,16,1,10,87.47
2.0,Bachelor's,9,0,1,11.29
1.5,Bachelor's,10,1,3,23.14
3.6,Bachelor's,6,0,4,7.56
7.2,Bachelor's,10,1,2,16.34
20.5,PhD,16,4,13,100.0
3.1,Bachelor's,11,2,3,45.86
4.2,Bachelor's,15,1,2,23.73
12.0,Bachelor's,14,4,8,98.06
5.0,Diploma,7,1,1,14.45
4.7,Bachelor's,6,1,2,13.12
10.5,Master's,17,5,9,100.0
4.3,Diploma,6,1,3,22.7
1.7,Bachelor's,6,0,5,25.95
9.1,Bachelor's,15,0,6,76.91
0.8,Diploma,7,1,4,16.68
8.0,High School,10,2,6,31.76
4.0,Bachelor's,8,0,4,26.82
3.1,Diploma,8,3,2,24.82
3.1,Bachelor's,9,3,5,54.65
3.6,Master's,9,2,4,45.74
2.8,Master's,7,1,4,31.16
5.5,PhD,15,3,2,64.27
2.9,Bachelor's,12,1,1,35.18
4.0,Master's,19,1,2,63.26
0.5,Master's,9,4,6,47.39
4.0,Bachelor's,9,1,8,51.2
2.7,Bachelor's,7,1,5,25.66
7.6,Bachelor's,13,0,1,30.48
3.2,Master's,10,2,3,55.62
6.9,Bachelor's,1,1,7,17.1
6.3,Bachelor's,8,1,3,36.29
6.5,PhD,9,2,4,65.61
3.3,Diploma,5,0,1,0.0
4.2,PhD,13,2,4,71.47
5.4,Master's,18,2,5,71.92
4.3,Master's,7,1,3,49.68
3.3,Master's,15,1,3,60.57
1.8,Bachelor's,9,1,1,20.08
4.0,Bachelor's,8,3,8,34.26
0.9,Master's,5,4,4,35.55
0.4,Master's,9,4,3,39.99
1.4,Bachelor's,14,3,5,59.15
6.4,Diploma,5,0,4,17.7
4.8,Bachelor's,9,1,5,41.39
6.5,Bachelor's,9,2,6,59.2
2.2,Bachelor's,11,3,3,51.64
8.2,Master's,11,5,5,93.65
1.0,Master's,8,2,2,35.71
1.5,Master's,15,4,1,54.13
8.1,Bachelor's,10,4,2,59.62
4.5,Bachelor's,9,1,11,55.59
6.5,Bachelor's,9,2,3,48.66
4.8,Bachelor's,7,0,7,31.34
2.5,High School,4,1,4,3.61
1.3,Bachelor's,6,0,3,11.43
0.6,Bachelor's,6,0,6,20.7
12.6,Bachelor's,11,2,7,68.52
0.8,Diploma,8,2,3,11.43
10.2,Bachelor's,16,0,5,70.01
4.3,High School,7,1,3,5.04
4.9,Bachelor's,9,2,7,32.67
4.7,Bachelor's,14,0,5,36.74
5.9,Bachelor's,9,0,3,34.21
2.0,Diploma,12,0,2,25.1
0.3,PhD,15,1,9,70.6
2.5,Bachelor's,7,1,2,15.15
5.6,Master's,18,4,2,85.95
1.5,Bachelor's,14,0,2,27.65
8.3,Master's,19,3,8,100.0
3.6,Master's,9,2,1,36.58
1.4,Bachelor's,7,0,3,10.75
4.5,Master's,6,1,2,38.63
5.5,Bachelor's,5,2,5,41.35
5.8,Master's,10,1,7,58.18
8.1,Bachelor's,17,1,3,53.45
1.0,High School,5,0,2,0.0
8.1,PhD,7,3,7,68.65
8.6,Master's,15,1,8,78.84
1.3,Bachelor's,7,3,4,32.85
1.6,PhD,16,2,2,50.34
6.7,Bachelor's,8,3,3,34.05
2.9,Bachelor's,11,4,6,58.02
9.5,Master's,7,3,6,82.39
11.3,Bachelor's,12,3,7,88.57
1.4,Bachelor's,9,0,6,13.73
2.0,Master's,8,2,2,37.52
4.3,Diploma,6,1,5,27.25
0.3,Bachelor's,10,1,2,15.69
0.6,Bachelor's,7,1,5,20.24
1.8,Master's,8,1,3,34.74
14.0,Diploma,13,2,5,73.55
4.8,Bachelor's,17,1,5,60.67
2.3,Master's,10,2,4,51.45
1.6,Diploma,15,1,7,40.93
1.3,Bachelor's,6,1,6,20.02
2.4,Master's,9,2,5,43.72
2.3,Master's,6,1,4,26.26
3.3,Diploma,7,1,2,7.4
5.7,Master's,12,0,2,49.66
3.7,Master's,7,1,7,41.61
7.0,Bachelor's,17,6,7,100.0
3.1,Master's,9,1,5,37.08
11.9,Master's,14,4,6,100.0
6.9,Bachelor's,8,4,5,63.16
4.7,Bachelor's,11,2,1,39.71
5.7,Master's,12,1,6,48.42
2.5,PhD,16,2,4,72.12
3.3,Bachelor's,7,0,3,13.9
3.2,Master's,14,2,4,48.46
2.1,Master's,9,0,0,23.62
1.1,Master's,6,1,5,22.21
5.9,PhD,16,2,5,85.89
7.8,Diploma,8,4,8,68.9
5.3,Diploma,8,1,5,30.09
3.7,Bachelor's,9,1,4,31.16
15.5,Bachelor's,8,3,9,88.21
2.3,Bachelor's,10,0,4,33.12
4.8,Master's,7,3,5,51.82
8.6,PhD,10,1,7,75.66
1.5,Bachelor's,7,0,4,10.12
6.3,Master's,13,4,3,64.85
12.4,Diploma,7,3,1,50.63
4.0,Bachelor's,16,2,3,48.43
4.5,High School,7,2,5,21.65
2.3,Bachelor's,8,1,5,34.02
5.7,Bachelor's,7,0,9,37.02
2.0,Master's,9,1,2,26.43
3.8,Bachelor's,10,1,3,36.83
1.0,Bachelor's,11,1,6,36.55
0.1,High School,6,0,3,0.0
2.7,Diploma,7,0,3,10.66
2.7,PhD,11,1,7,71.52
2.9,Master's,12,0,5,45.83
6.7,Bachelor's,12,2,6,55.18
8.0,Bachelor's,10,1,3,45.8
5.0,Bachelor's,9,0,3,23.12
6.4,Master's,16,2,8,85.14
2.1,Bachelor's,4,2,4,21.11
1.6,Diploma,6,0,2,0.0
5.7,Bachelor's,13,2,4,49.91
1.4,Bachelor's,8,1,3,18.42
1.3,Bachelor's,7,0,4,21.78
21.0,Diploma,17,1,5,88.84
4.2,Master's,10,1,5,43.99
2.7,Bachelor's,10,1,5,32.48
2.4,Bachelor's,12,0,2,29.66
1.0,Bachelor's,13,0,1,26.16
4.9,Bachelor's,5,1,5,31.86
3.1,Master's,13,1,4,56.09
7.8,PhD,12,1,8,92.94
5.9,Diploma,9,0,3,22.55
3.0,Master's,6,5,2,41.1
0.5,Master's,12,1,2,34.36
4.2,Master's,4,2,4,27.56
3.9,Bachelor's,16,0,4,48.14
0.3,Bachelor's,10,0,3,13.95
5.4,High School,8,0,5,13.98
1.4,PhD,10,2,3,50.2
8.1,Bachelor's,8,3,3,47.13
3.7,Bachelor's,6,1,3,24.52
2.3,Bachelor's,10,1,4,30.19
4.6,High School,3,3,2,0.0
4.4,Diploma,9,2,5,24.2
4.3,Bachelor's,15,3,8,72.58
7.4,Bachelor's,7,0,6,31.35
4.8,Master's,8,3,2,60.8
2.2,Master's,9,1,5,51.17
3.2,Bachelor's,7,2,6,25.59
10.1,Master's,11,3,6,86.65
2.0,Diploma,5,2,8,33.01
5.3,Master's,14,1,2,49.46
7.5,Master's,16,3,7,91.68
5.7,Bachelor's,9,1,3,34.89
4.2,Diploma,6,2,4,26.7
4.7,Bachelor's,15,1,5,49.6
6.0,Diploma,5,2,4,32.09
2.0,Bachelor's,4,0,4,10.33
3.9,Diploma,11,0,5,23.77
15.5,Master's,11,2,7,100.0
5.5,Diploma,8,4,9,60.99
4.3,High School,11,0,5,0.0
2.9,Bachelor's,14,2,1,16.8
2.0,Diploma,8,2,1,13.6
4.8,PhD,8,0,5,47.72
5.1,Bachelor's,8,1,4,24.92
3.7,Bachelor's,8,0,6,28.94
19.6,Diploma,10,5,10,100.0
2.2,Bachelor's,11,1,3,20.44
1.7,Bachelor's,15,1,6,53.52
3.0,Master's,17,2,1,50.23
3.8,Bachelor's,13,0,4,27.19
1.9,Bachelor's,10,1,1,16.59
4.7,Bachelor's,8,1,6,28.89
5.1,Master's,7,4,9,59.89
6.5,Bachelor's,10,4,7,61.09
2.6,Bachelor's,10,1,3,21.02
9.5,Master's,18,4,9,100.0
6.2,Master's,12,2,4,63.55
2.1,Bachelor's,7,1,3,14.7
1.9,PhD,11,1,7,66.35
3.1,Master's,12,4,5,60.66
5.1,Diploma,11,2,7,43.81
5.7,Master's,12,4,4,54.29
6.2,Bachelor's,7,2,6,46.72
14.8,Bachelor's,13,0,9,100.0
0.7,Bachelor's,7,2,3,26.95
3.6,Master's,10,2,4,48.67
14.0,Bachelor's,12,1,4,61.73
6.7,Bachelor's,11,1,3,55.48
1.6,High School,4,1,1,0.0
4.6,Bachelor's,8,4,4,42.34
3.5,Master's,10,1,4,40.17
3.4,Master's,14,0,4,64.61
2.6,Diploma,11,0,2,12.58
4.3,Master's,6,1,2,35.3
8.4,Master's,7,3,5,63.17
2.7,Bachelor's,11,1,4,34.16
6.2,High School,14,2,4,32.98
7.0,Bachelor's,7,3,0,45.99
9.5,Diploma,14,1,6,57.63
1.9,Bachelor's,8,1,5,17.8
4.0,Bachelor's,9,0,7,40.78
2.3,Master's,11,2,5,50.57
4.3,Bachelor's,11,3,6,57.46
4.3,Master's,12,2,2,48.39
1.5,Master's,7,0,2,17.41
4.5,High School,4,0,5,7.66
15.3,Bachelor's,16,3,7,100.0
5.7,Master's,8,0,5,31.26
1.2,Master's,9,1,3,33.48
1.8,Bachelor's,7,1,3,15.65
3.9,Master's,15,2,4,55.89
1.8,Bachelor's,6,3,4,13.76
9.1,Master's,11,5,9,99.99
1.0,Master's,8,1,6,35.2
5.7,Diploma,5,2,5,22.69
0.8,Diploma,8,1,2,14.64
3.8,Diploma,9,1,4,19.63
1.6,PhD,15,2,4,62.59
6.5,Master's,9,0,9,51.59
8.1,Master's,9,2,7,62.99
5.1,Diploma,5,1,5,31.01
8.4,Bachelor's,10,1,9,68.28
0.2,Diploma,7,2,2,15.86
4.4,Bachelor's,12,4,0,38.17
5.7,Bachelor's,8,2,8,55.55
6.2,Master's,15,2,4,77.08
5.4,Diploma,8,1,6,35.37
6.3,Bachelor's,12,0,5,57.45
4.4,PhD,14,1,8,82.04
1.2,Master's,8,1,5,36.39
2.5,Diploma,8,2,3,1.12
9.2,Master's,12,1,9,84.21
8.5,Bachelor's,6,0,7,48.46
5.6,Bachelor's,11,2,5,59.27
6.6,Master's,13,4,6,75.3
7.8,Master's,16,2,5,79.13
5.5,Bachelor's,13,1,3,32.95
9.0,Bachelor's,8,2,4,38.96
8.8,Bachelor's,13,3,9,85.22
18.4,Diploma,11,2,15,100.0
2.6,Master's,16,0,2,55.4
2.7,Diploma,9,1,3,19.91
5.3,Bachelor's,7,0,11,63.82
13.5,Bachelor's,10,3,11,91.21
9.5,Bachelor's,13,0,4,61.26
7.1,Bachelor's,10,3,3,42.01
9.9,Bachelor's,9,1,2,22.1
5.7,Bachelor's,6,2,5,35.81
3.2,Diploma,6,1,3,10.2
15.7,Master's,8,4,11,100.0
5.4,PhD,19,2,7,94.2
8.7,Bachelor's,9,3,3,56.73
0.2,Bachelor's,5,0,3,18.3
0.3,High School,7,0,2,0.0
4.5,High School,4,0,4,0.0
1.8,Bachelor's,8,1,7,15.27
4.9,PhD,14,1,8,72.64
2.7,Master's,10,3,4,61.89
20.2,Bachelor's,16,1,10,100.0
8.2,PhD,26,2,9,100.0
10.6,Bachelor's,8,3,8,76.73
0.4,Bachelor's,6,1,5,18.63
7.1,Bachelor's,14,0,3,46.36
3.5,Bachelor's,9,3,7,45.64
10.7,Master's,10,4,1,87.82
6.4,Bachelor's,3,1,8,31.43
3.9,Master's,11,4,5,73.79
1.3,Bachelor's,9,2,6,42.52
4.5,Master's,6,4,7,65.95
9.0,Bachelor's,8,0,5,43.47
11.1,Bachelor's,10,3,7,64.37
3.0,Diploma,12,2,5,26.78
18.1,Master's,17,3,8,100.0
8.6,Bachelor's,11,0,6,55.9
1.8,Bachelor's,4,1,3,19.12
1.5,Master's,12,1,3,43.13
3.7,Diploma,5,1,3,12.12
3.0,Bachelor's,7,3,5,46.14
5.8,Bachelor's,7,0,6,20.14
4.1,Bachelor's,8,1,1,6.62
3.2,Bachelor's,10,1,4,22.37
0.9,Bachelor's,9,2,4,36.15
6.5,Diploma,10,4,9,47.23
0.8,High School,8,0,3,0.0
8.6,Diploma,9,5,3,46.19
0.5,PhD,14,2,4,61.68
0.7,Bachelor's,8,2,3,22.41
1.8,Bachelor's,9,0,4,24.41
2.8,Bachelor's,5,0,5,16.1
2.3,Master's,15,2,6,68.98
2.8,Diploma,10,2,4,37.75
4.9,Bachelor's,8,0,3,35.7
1.9,Master's,5,3,5,38.15
5.0,Bachelor's,11,0,3,27.39
0.2,Master's,9,1,4,34.31
1.8,Master's,9,3,6,67.42
0.7,Master's,9,0,2,23.36
8.5,Diploma,7,1,5,41.1
2.1,Diploma,9,0,3,15.97
6.2,Diploma,16,1,3,49.15
0.6,Master's,12,1,4,50.48
11.0,Master's,15,5,10,100.0
4.3,Master's,14,2,6,60.22
3.9,Bachelor's,7,0,4,24.39
0.9,Master's,10,1,2,40.45
1.6,Bachelor's,13,0,3,37.49
3.3,Master's,13,0,4,46.37
1.7,Bachelor's,1,1,2,9.6
7.9,Diploma,11,2,10,58.91
4.2,Diploma,14,0,4,25.02
1.7,PhD,9,0,3,30.16
7.1,Bachelor's,8,1,7,48.35
2.9,Bachelor's,11,2,5,40.33
6.9,Bachelor's,12,2,5,64.39
2.6,Bachelor's,12,1,4,40.84
5.9,PhD,19,4,4,98.03
2.9,Diploma,7,1,4,15.93
7.9,Diploma,11,1,5,39.5
0.6,Master's,8,0,4,13.89
1.2,Bachelor's,8,2,5,22.11
3.5,Diploma,6,2,3,22.47
2.2,High School,9,0,0,0.0
2.8,Bachelor's,13,2,6,40.59
6.4,Bachelor's,11,1,5,58.53
2.7,High School,5,1,4,12.4
5.1,Bachelor's,10,3,6,63.52
1.8,Master's,10,2,0,35.99
0.4,Master's,12,1,6,48.52
6.9,Master's,7,1,5,50.65
12.7,Bachelor's,11,2,8,81.76
4.7,Bachelor's,7,0,5,33.97
3.7,PhD,7,5,2,66.92
4.3,Master's,19,3,4,81.25
10.0,Bachelor's,18,2,5,56.15
4.8,Bachelor's,7,3,5,52.23
7.1,Bachelor's,11,2,5,56.71
6.9,Bachelor's,10,1,5,37.6
8.4,Bachelor's,10,3,6,65.83
3.6,High School,12,0,4,16.55
2.5,PhD,10,0,4,36.03
6.0,Bachelor's,9,2,3,36.68
8.0,Bachelor's,7,3,8,53.88
9.1,Bachelor's,14,2,10,75.75
10.8,Master's,12,6,8,100.0
7.5,Master's,14,3,5,73.92
2.4,Diploma,15,3,2,37.09
4.7,Bachelor's,15,1,8,67.15
4.4,Master's,9,0,2,31.45
4.0,Master's,8,5,5,69.21
6.0,Bachelor's,5,1,7,49.03
3.4,Master's,5,2,2,37.92
3.4,Bachelor's,12,1,4,43.47
13.2,Diploma,10,3,8,80.37
3.8,Diploma,12,0,4,28.13
8.4,Diploma,8,2,6,50.89
8.7,Bachelor's,11,2,7,57.2
4.8,Bachelor's,8,1,7,42.04
3.5,Master's,11,2,5,57.83
1.9,Diploma,5,2,1,3.18
0.8,PhD,7,1,5,61.59
6.3,Diploma,9,0,3,21.16
5.4,Bachelor's,18,0,6,47.13
7.0,Master's,10,2,3,57.41
2.7,Master's,13,0,5,53.98
14.1,Bachelor's,10,3,7,77.67
5.8,Master's,10,6,3,72.05
3.7,Diploma,8,3,4,29.1
0.4,High School,9,0,4,0.0
2.9,Bachelor's,7,2,3,23.17
7.2,Diploma,8,0,8,45.65
10.6,Bachelor's,7,2,4,69.13
4.1,Bachelor's,11,0,9,42.59
11.8,Master's,15,1,11,92.13
1.7,Master's,13,0,3,35.83
5.5,Master's,13,1,6,74.13
5.6,Master's,10,2,4,53.93
6.3,Diploma,9,0,1,19.38
4.6,High School,8,2,2,4.67
5.3,Master's,10,2,7,76.91
1.7,Bachelor's,6,0,2,7.15
9.9,Bachelor's,4,2,6,51.78
7.8,Bachelor's,7,1,8,46.15
5.1,Bachelor's,12,0,1,23.95
7.9,Bachelor's,9,1,8,56.98
10.2,Bachelor's,13,1,6,68.08
6.3,Bachelor's,10,0,5,47.46
15.1,Bachelor's,12,1,6,66.96
6.6,PhD,14,2,6,77.39
2.0,Bachelor's,9,0,2,12.21
5.0,Master's,9,3,5,60.25
8.2,Master's,13,2,4,62.24
10.2,Diploma,10,2,7,56.9
4.7,Master's,9,0,8,48.45
1.8,Bachelor's,6,0,3,11.56
3.4,Bachelor's,11,1,4,31.0
1.1,High School,7,1,8,4.23
7.1,Master's,8,4,5,70.0
2.9,PhD,12,1,2,60.49
2.2,High School,5,0,4,0.0
7.6,Bachelor's,9,3,3,59.02
11.6,Diploma,13,1,8,76.07
2.2,Master's,10,1,5,42.88
4.7,Bachelor's,13,1,6,64.89
3.5,Diploma,6,0,5,18.71
10.5,Master's,7,2,4,56.2
3.9,Bachelor's,8,2,4,30.9
1.7,Bachelor's,8,1,3,22.8
4.0,Bachelor's,9,0,10,53.19
9.0,Bachelor's,5,3,7,55.62
3.4,Bachelor's,11,2,3,31.32
2.4,Bachelor's,9,2,2,33.69
3.7,Bachelor's,7,3,1,20.53
1.7,Master's,14,0,5,49.53
3.5,Bachelor's,8,1,2,24.36
2.6,Master's,10,1,6,38.3
16.9,Bachelor's,12,3,4,100.0
0.5,Master's,14,1,1,36.82
1.9,Bachelor's,10,2,3,22.97
2.4,Master's,16,2,3,57.96
1.7,Bachelor's,11,1,2,13.08
5.6,High School,6,3,5,25.82
2.2,Diploma,11,0,1,15.66
1.0,High School,11,1,3,25.97
4.4,PhD,7,3,6,66.85
3.2,PhD,10,3,5,61.87
2.3,Master's,8,1,5,41.16
10.3,Diploma,15,1,9,81.44
5.7,Master's,7,3,6,63.34
5.2,Master's,12,3,4,70.2
5.8,Bachelor's,7,1,7,48.77
5.6,Bachelor's,13,4,6,71.63
3.4,Master's,7,2,4,31.98
2.2,High School,5,0,4,0.0
4.5,Bachelor's,3,3,6,24.78
3.3,Master's,9,2,3,34.95
0.5,Diploma,3,1,4,0.0
1.6,Bachelor's,7,0,6,36.84
3.0,Bachelor's,11,2,4,35.03
7.7,Master's,12,4,6,82.76
4.5,PhD,8,2,5,59.34
1.9,Master's,6,2,7,45.78
1.4,Bachelor's,11,0,5,29.56
8.9,Bachelor's,5,1,8,41.29
3.5,Bachelor's,10,1,4,39.04
0.1,Bachelor's,8,0,6,16.1
3.7,Diploma,12,1,6,30.27
6.6,Master's,12,1,4,56.52
1.4,Master's,8,1,5,42.95
4.2,Bachelor's,9,1,4,29.75
4.5,Master's,12,3,7,71.52
1.5,Master's,12,0,2,36.13
9.5,Bachelor's,11,1,5,59.49
4.6,High School,8,2,5,21.7
3.0,Diploma,8,0,3,0.17
3.5,Bachelor's,5,0,7,27.92
1.2,Bachelor's,11,0,4,18.78
1.2,Diploma,5,0,5,0.0
2.7,Diploma,6,0,7,13.28
2.9,Bachelor's,11,2,2,30.23
3.3,Master's,8,2,3,63.19
10.0,Master's,20,4,6,100.0
6.4,Bachelor's,4,0,5,33.05
0.6,Diploma,12,1,1,8.68
8.8,Diploma,6,0,3,21.5
2.7,Diploma,12,2,4,50.32
6.8,Bachelor's,11,1,10,59.69
2.9,High School,11,1,7,25.33
4.4,Bachelor's,8,2,2,44.95
1.3,PhD,9,1,4,41.09
5.1,Bachelor's,15,1,1,43.39
7.4,Master's,17,1,5,75.71
0.8,Diploma,5,0,4,0.0
7.4,Bachelor's,9,3,8,70.66
2.2,PhD,13,1,3,47.33
12.3,Bachelor's,4,3,10,79.2
6.9,Bachelor's,10,1,2,41.92
6.1,PhD,10,1,3,66.56
3.5,Bachelor's,10,1,5,36.15
19.0,Bachelor's,12,1,11,100.0
2.7,Bachelor's,10,1,3,36.89
1.6,Diploma,7,1,4,1.31
2.3,Diploma,5,0,6,1.31
8.3,High School,11,3,6,50.1
4.3,Master's,13,1,3,57.47
3.8,Master's,9,2,12,72.72
2.8,Bachelor's,11,0,2,31.11
3.7,Bachelor's,6,0,4,18.43
2.6,Master's,7,0,7,48.67
6.5,Master's,11,2,3,57.36
3.3,Bachelor's,4,1,5,17.13
2.3,Bachelor's,8,0,3,29.23
7.8,Master's,11,1,3,63.09
1.7,Master's,13,0,5,41.63
4.3,Master's,8,1,8,51.19
0.5,Bachelor's,7,2,2,21.99
1.1,Diploma,6,0,4,0.0
3.0,Bachelor's,8,0,3,23.16
2.6,Bachelor's,14,0,3,32.51
2.6,Master's,8,2,2,37.98
6.9,High School,8,1,7,13.29
7.2,Bachelor's,10,3,5,51.22
5.0,Master's,9,2,6,59.46
1.6,PhD,9,2,11,80.36
3.7,Master's,14,3,4,63.4
13.4,PhD,16,2,5,100.0
17.8,Diploma,12,4,9,89.08
7.9,Bachelor's,13,2,5,59.01
1.6,High School,7,1,2,0.0
3.7,PhD,12,2,6,70.68
4.8,Master's,10,5,5,76.16
4.2,High School,6,2,3,6.55
8.4,High School,3,3,8,31.35
6.7,Bachelor's,8,1,10,61.82
1.6,Bachelor's,6,1,2,9.78
2.4,Master's,12,1,6,45.62
7.9,Diploma,6,0,8,38.35
10.3,Master's,9,3,3,61.99
4.8,Bachelor's,14,3,5,70.69
11.1,Bachelor's,10,5,2,56.41
4.4,Diploma,12,2,0,22.44
1.8,PhD,6,3,2,56.32
6.3,Bachelor's,14,1,5,69.78
22.9,Bachelor's,15,2,19,100.0
1.2,Bachelor's,14,0,1,31.87
10.9,Master's,13,3,8,100.0
6.0,Master's,10,2,3,50.45
2.2,Master's,7,1,5,40.43
0.5,Bachelor's,12,0,3,16.52
0.3,Master's,7,0,3,9.31
2.6,Bachelor's,13,1,3,39.82
5.4,Master's,12,1,4,59.39
7.5,Bachelor's,12,3,7,60.65
8.7,Bachelor's,10,3,8,70.09
5.0,PhD,12,3,4,65.06
4.5,PhD,8,3,5,62.45
3.1,Bachelor's,11,2,3,34.37
5.5,Bachelor's,3,2,4,34.2
2.3,Master's,4,1,7,32.43
1.3,PhD,10,4,6,59.5
4.2,Master's,11,0,2,51.39
7.1,Diploma,9,1,10,53.88
1.0,Bachelor's,6,0,6,25.63
2.6,Master's,9,1,6,50.3
4.1,Master's,7,1,3,43.62
4.1,Master's,12,1,4,54.63
5.9,Master's,14,1,8,76.62
13.2,Bachelor's,11,0,7,70.6
0.3,Bachelor's,9,1,1,10.8
13.6,Master's,19,6,7,100.0
12.8,Bachelor's,14,1,5,72.43
7.5,Master's,14,6,5,93.49
4.7,Master's,14,3,5,72.98
2.3,Master's,15,2,3,58.29
7.5,Bachelor's,12,4,8,69.56
4.9,Master's,8,3,6,61.14
3.1,Diploma,12,1,2,14.47
7.3,Diploma,13,1,3,40.96
8.2,Bachelor's,15,2,10,88.36
10.2,Diploma,9,0,6,56.13
2.1,PhD,6,0,1,32.41
9.3,Master's,11,5,4,89.56
3.2,High School,11,0,3,0.0
4.7,Master's,11,2,3,56.55
5.5,Bachelor's,15,1,4,44.09
8.8,Master's,17,1,14,100.0
6.8,Master's,14,0,7,60.35
3.1,Bachelor's,5,1,6,20.38
0.4,Diploma,8,0,2,5.46
5.9,High School,8,1,4,28.75
4.6,Bachelor's,9,1,6,49.19
1.2,PhD,14,4,1,60.59
5.0,Bachelor's,8,5,5,48.85
4.1,Bachelor's,14,0,5,40.91
10.2,High School,12,2,5,47.04
14.2,Master's,11,2,12,100.0
8.1,Bachelor's,9,1,2,32.37
3.9,Master's,8,1,9,65.59
4.4,Master's,7,3,4,59.57
2.0,Bachelor's,12,0,3,41.15
2.4,Diploma,10,2,4,13.59
3.7,Bachelor's,4,2,3,16.91
3.4,Bachelor's,5,0,6,25.59
1.1,Master's,15,2,3,51.45
10.2,Master's,10,5,3,77.25
11.2,Bachelor's,10,2,7,64.54
10.0,Bachelor's,8,2,6,52.32
11.5,High School,5,3,5,53.08
16.9,Bachelor's,10,2,3,65.35
2.1,Master's,13,1,4,36.42
16.4,Master's,10,3,16,100.0
3.1,Master's,14,1,3,51.65
6.5,Diploma,10,1,3,28.21
0.9,Bachelor's,1,1,1,0.0
2.7,Bachelor's,15,0,3,31.2
8.3,PhD,10,5,17,100.0
6.8,Master's,16,2,7,82.95
3.0,PhD,10,1,3,62.42
4.4,Diploma,9,4,0,40.08
2.5,Bachelor's,9,1,4,28.23
8.3,Master's,7,6,6,87.73
10.7,Bachelor's,16,1,9,85.87
2.1,Bachelor's,9,1,1,25.0
4.0,Bachelor's,9,0,4,31.88
1.1,PhD,14,2,3,64.78
4.9,Diploma,3,1,3,15.31
6.0,PhD,8,2,4,65.73
5.2,Bachelor's,9,2,10,60.67
5.7,Bachelor's,11,3,4,60.56
3.7,Bachelor's,7,1,6,33.06
3.8,Bachelor's,11,0,2,23.04
3.6,PhD,8,2,3,41.16
2.7,Master's,11,4,8,73.97
3.0,PhD,9,2,3,58.28
5.8,PhD,9,1,7,55.8
10.2,Master's,11,1,8,74.27
1.7,Bachelor's,11,0,4,32.51
3.8,Master's,13,1,4,51.83
1.4,High School,4,0,4,0.0
2.7,Master's,6,6,3,60.49
3.1,Bachelor's,7,0,1,12.06
4.6,Master's,9,4,3,59.84
4.6,Bachelor's,10,0,7,34.04
4.0,Bachelor's,10,1,2,32.81
5.5,High School,7,4,12,40.68
1.9,Bachelor's,10,1,3,17.44
4.7,Bachelor's,18,2,5,60.96
6.9,Bachelor's,11,0,4,46.33
1.9,Bachelor's,11,0,3,25.02
0.7,Bachelor's,13,1,2,21.77
8.2,Bachelor's,12,1,6,65.53
1.5,Master's,6,2,4,36.69
2.6,Diploma,11,2,4,36.44
6.8,Bachelor's,4,0,4,18.96
1.8,Diploma,10,0,5,28.12
7.8,Bachelor's,10,0,5,57.17
2.3,Bachelor's,7,2,1,26.63
2.0,Bachelor's,11,0,1,22.63
1.4,Bachelor's,9,1,2,23.87
2.3,Bachelor's,5,1,6,27.65
6.1,Diploma,9,0,4,14.82
2.6,Bachelor's,8,0,3,15.22
8.2,Bachelor's,12,4,2,60.66
4.1,Master's,15,2,4,55.61
4.4,Bachelor's,11,1,6,56.09
2.0,Master's,12,2,2,47.74
9.1,Bachelor's,14,6,3,94.26
6.9,Bachelor's,6,1,3,38.1
6.8,Bachelor's,7,0,5,25.24
3.5,High School,8,2,2,17.76
1.2,Bachelor's,8,2,4,24.55
4.6,Master's,9,0,5,54.1
5.9,Master's,7,0,5,54.27
6.0,Bachelor's,9,2,4,54.3
5.4,Diploma,8,2,4,37.83
5.3,Master's,9,6,5,77.57
2.3,Diploma,9,1,4,18.37
2.4,Bachelor's,1,1,3,21.14
1.4,Master's,9,3,9,62.55
8.3,Bachelor's,7,1,8,50.64
13.8,Diploma,3,4,5,58.5
22.7,Bachelor's,16,3,9,100.0
4.8,Bachelor's,11,1,4,49.0
5.3,Diploma,5,1,2,3.98
3.7,Master's,12,1,4,58.19
4.8,Bachelor's,9,1,3,38.24
1.8,Bachelor's,10,1,5,30.04
3.6,Bachelor's,7,1,11,42.41
2.0,Master's,3,2,4,39.28
3.2,Bachelor's,5,1,4,33.23
2.2,Master's,13,4,5,76.8
5.9,Bachelor's,8,2,0,20.3
6.5,Diploma,16,0,3,38.1
5.2,Bachelor's,12,0,6,45.95
2.4,Bachelor's,14,0,1,38.34
1.3,Bachelor's,16,1,4,48.23
6.5,Master's,12,1,5,59.78
4.1,Master's,8,1,1,34.36
0.6,Master's,9,0,2,28.71
4.6,Bachelor's,7,0,3,28.66
5.3,Bachelor's,4,0,6,39.35
0.9,Bachelor's,9,1,7,44.18
6.0,Bachelor's,6,1,5,44.7
1.1,Master's,7,2,5,32.84
2.2,Master's,10,1,3,33.0
1.1,Bachelor's,12,0,5,23.23
2.0,Master's,10,2,4,48.35
1.3,Master's,11,1,4,37.36
8.3,Bachelor's,7,3,5,58.45
3.4,Master's,8,2,7,58.92
2.8,Diploma,8,2,4,24.09
8.8,High School,9,2,8,50.44
8.5,Bachelor's,4,4,2,38.94
3.0,Bachelor's,7,3,6,30.75
5.1,Bachelor's,7,2,7,40.85
2.5,PhD,8,2,6,64.57
3.8,Bachelor's,13,0,3,48.7
1.6,Bachelor's,8,1,6,41.34
5.6,Bachelor's,7,2,4,37.24
9.0,High School,6,3,4,37.54
8.0,Master's,9,3,4,55.3
4.3,Bachelor's,14,1,4,58.07
0.6,PhD,15,2,3,64.39
2.4,Master's,15,2,3,61.35
3.8,Diploma,9,2,5,16.74
1.2,Diploma,7,0,4,9.51
1.0,Diploma,11,1,2,27.34
10.7,PhD,15,1,12,100.0
7.3,Master's,21,2,4,86.41
5.9,Bachelor's,15,1,3,49.0
6.8,Bachelor's,11,1,7,50.59
1.4,Master's,11,2,4,46.84
1.9,Bachelor's,8,0,3,8.97
4.9,Master's,12,5,5,79.23
5.1,Master's,15,2,3,71.72
1.1,Bachelor's,11,0,3,19.48
4.6,Bachelor's,11,2,7,56.96
3.9,Bachelor's,10,1,1,26.88
7.8,Bachelor's,10,5,2,63.52
5.2,PhD,12,4,3,83.21
11.6,Master's,14,2,10,100.0
3.0,Master's,14,2,3,61.35
1.5,Bachelor's,11,0,1,21.77
11.4,Bachelor's,13,1,7,80.51
5.4,Master's,9,1,7,59.7
3.9,Bachelor's,6,1,2,23.32
2.0,Diploma,3,2,3,10.66
3.1,Bachelor's,10,2,4,38.01
2.9,Bachelor's,10,0,2,25.95
1.4,Master's,11,3,3,41.4
0.4,Bachelor's,10,1,5,15.49
2.9,Master's,5,3,7,50.69
6.9,Bachelor's,10,2,5,46.78
9.6,Bachelor's,11,2,5,77.17
8.0,Diploma,5,1,5,23.22
8.3,Master's,13,0,3,64.45
1.6,Bachelor's,8,1,4,19.44
4.9,Bachelor's,9,1,4,36.56
6.0,Bachelor's,13,1,9,55.89
6.2,Master's,12,5,5,70.8
3.8,Master's,17,5,2,77.69
4.5,Bachelor's,17,1,6,57.35
7.9,PhD,17,0,12,100.0
5.8,High School,7,4,6,43.26
6.6,Diploma,6,3,2,16.16
2.8,Bachelor's,15,1,3,49.45
6.4,Master's,7,4,3,50.52
4.4,Bachelor's,10,2,7,48.38
7.3,Bachelor's,15,2,2,46.1
2.3,Bachelor's,6,4,6,31.61
6.9,Bachelor's,5,2,4,23.27
3.1,Master's,13,0,3,40.2
6.9,PhD,17,2,5,89.84
4.9,Bachelor's,17,1,5,55.45
4.2,Bachelor's,9,0,4,16.46
3.2,Bachelor's,9,1,4,17.0
3.9,Bachelor's,16,1,5,52.96
2.9,Bachelor's,9,2,4,41.03
3.2,PhD,8,2,5,59.13
5.7,Bachelor's,12,1,3,56.63
0.8,Master's,5,0,1,11.4
6.9,Diploma,4,0,6,23.71
6.9,Master's,9,1,4,52.44
3.3,Diploma,11,0,3,12.7
4.6,PhD,13,3,6,79.64
1.8,Master's,10,0,3,38.45
5.4,Diploma,5,1,6,30.5
2.0,Master's,7,3,5,48.46
0.1,Bachelor's,7,2,2,28.03
9.3,Bachelor's,10,1,4,55.08
1.6,Bachelor's,6,0,3,14.38
3.8,Master's,10,2,5,64.53
4.7,Master's,10,2,4,47.92
5.7,Bachelor's,13,0,2,48.09
4.1,Master's,18,1,10,76.04
5.0,Bachelor's,9,0,4,30.03
3.3,Diploma,9,1,3,4.93
0.9,Bachelor's,14,0,2,27.66
4.0,Diploma,10,1,4,35.56
6.3,Bachelor's,16,3,3,56.58
1.7,Bachelor's,15,2,1,34.91
4.7,Bachelor's,10,1,3,33.6
13.1,Bachelor's,11,3,5,76.03
3.8,Master's,6,4,8,54.6
3.9,Bachelor's,9,2,6,44.33
0.9,Master's,8,3,1,44.72
1.5,Bachelor's,7,1,2,12.11
2.0,Bachelor's,10,0,4,27.21
6.1,Bachelor's,14,0,6,54.52
1.8,Master's,7,2,3,31.73
5.4,Diploma,9,1,3,26.68
2.2,Bachelor's,10,1,2,22.12
0.9,Master's,13,0,4,42.72
6.6,Master's,5,1,4,41.77
3.0,Bachelor's,7,2,3,17.52
5.7,High School,7,1,0,0.0
0.9,Diploma,8,0,1,0.0
0.3,Bachelor's,5,0,2,0.0
4.4,Master's,14,2,5,70.78
1.5,Bachelor's,7,0,4,11.6
4.4,High School,10,0,2,4.27
4.4,Diploma,1,1,4,0.98
4.0,Bachelor's,10,0,5,28.2
8.3,Master's,14,0,6,85.88
5.3,High School,8,2,4,13.46
13.1,High School,5,1,6,26.45
3.0,Bachelor's,9,2,3,25.99
1.2,Diploma,9,1,8,27.54
2.3,Bachelor's,7,1,3,16.88
3.2,Diploma,7,1,6,24.38
13.8,Bachelor's,19,4,8,100.0
4.2,Master's,9,1,4,40.32
8.5,PhD,17,5,7,100.0
2.8,PhD,10,0,5,50.74
2.6,Bachelor's,9,2,3,36.65
0.8,High School,6,0,4,0.0
13.5,Bachelor's,5,1,5,65.6
10.5,Master's,14,2,10,87.68
4.8,Diploma,8,0,6,16.98
3.3,Bachelor's,14,1,4,36.71
4.3,Bachelor's,14,2,7,59.93
1.2,Bachelor's,13,1,1,18.18
5.7,Master's,12,3,6,66.36
9.9,Master's,3,6,6,81.77
10.2,Bachelor's,6,1,7,61.65
0.9,Master's,13,1,2,43.56
8.4,Diploma,11,4,1,48.77
1.2,Diploma,7,1,3,2.68
0.4,Bachelor's,5,0,4,9.19
8.7,Master's,12,3,5,85.71
2.6,Bachelor's,4,0,6,23.91
7.8,Diploma,19,3,3,71.17
7.4,PhD,7,1,6,72.54
6.7,Bachelor's,9,0,2,28.69
4.3,Bachelor's,9,0,3,31.65
1.3,Bachelor's,9,0,0,6.53
3.2,PhD,15,4,7,93.47
10.3,Master's,18,2,13,100.0
8.0,PhD,9,1,10,95.23
3.3,Diploma,9,2,6,36.37
3.3,Bachelor's,10,3,3,43.42
6.3,Master's,7,3,6,71.64
4.5,Bachelor's,12,0,7,40.05
3.5,Bachelor's,13,3,4,61.76
5.9,PhD,19,0,7,88.58
5.8,Diploma,14,0,3,33.89
2.4,Bachelor's,4,3,4,23.37
5.2,Master's,5,1,3,26.59
5.5,Master's,11,2,6,74.61
4.0,PhD,12,3,2,67.93
2.1,Master's,9,2,3,37.51
3.1,Diploma,12,2,2,29.27
1.8,Master's,11,0,1,26.27
5.3,Bachelor's,7,0,3,12.67
0.9,Master's,15,0,5,45.99
11.0,Bachelor's,3,1,5,32.82
9.6,Master's,12,3,9,93.49
5.6,Bachelor's,7,0,5,43.66
7.7,Master's,17,2,3,70.83
7.3,Diploma,8,4,7,59.59
4.6,Diploma,9,1,10,38.17
3.5,Bachelor's,9,3,7,50.38
3.2,High School,9,2,4,9.04
11.3,Master's,9,2,6,80.7
2.1,Bachelor's,7,1,5,36.3
2.1,Bachelor's,9,1,5,32.52
8.1,Diploma,14,0,4,46.53
7.6,Diploma,10,5,6,65.06
3.4,Bachelor's,13,1,4,39.58
6.1,Bachelor's,11,2,5,61.92
6.7,Bachelor's,5,2,6,39.07
1.2,Bachelor's,15,2,3,29.84
10.0,Bachelor's,14,2,10,78.78
6.7,Bachelor's,12,1,9,68.02
5.7,Diploma,2,3,6,24.43
6.7,Bachelor's,18,1,4,63.58
5.2,Master's,14,1,10,75.27
3.9,Bachelor's,8,1,5,35.38
4.6,Bachelor's,11,0,2,37.68
1.1,Bachelor's,5,1,2,21.14
14.3,PhD,10,4,8,100.0
3.8,Bachelor's,5,1,2,24.72
14.2,Bachelor's,9,1,9,79.94
4.7,Master's,10,3,5,51.83
2.5,Master's,14,2,8,71.54
9.8,Bachelor's,13,1,6,79.74
5.6,Master's,6,3,4,45.69
17.8,Diploma,14,4,17,100.0
2.5,Master's,9,1,1,18.99
10.1,Master's,8,2,6,69.4
10.4,Bachelor's,18,3,6,90.27
7.1,Bachelor's,14,1,1,60.35
10.5,Diploma,13,4,6,65.15
3.9,PhD,10,0,9,73.52
2.1,Diploma,10,1,3,19.48
2.7,Bachelor's,12,2,8,69.92
4.4,Master's,10,0,7,53.0
7.3,Master's,13,5,7,90.48
2.2,Diploma,6,0,4,12.61
3.2,Master's,8,1,5,45.89
2.4,Bachelor's,8,0,2,22.98
8.2,Master's,12,3,6,82.92
14.1,Diploma,8,3,14,78.82
1.8,High School,3,0,3,0.0
6.3,Bachelor's,14,1,7,64.8
8.9,Diploma,9,2,4,37.14
3.6,Bachelor's,7,2,5,37.65
1.2,High School,5,3,4,0.0
9.7,Master's,12,3,7,88.03
1.1,Master's,5,0,3,23.49
11.7,Master's,13,1,8,94.98
2.3,PhD,4,2,5,50.39
0.9,Master's,9,2,0,21.35
2.9,Bachelor's,11,0,5,22.68
4.2,Bachelor's,6,0,6,35.38
4.8,Master's,18,2,8,87.07
6.7,Master's,7,0,1,37.38
5.2,PhD,10,3,4,82.04
13.4,Master's,13,2,10,91.69
4.0,Bachelor's,12,1,6,59.98
5.4,PhD,16,3,9,94.97
5.1,PhD,10,0,6,67.2
0.8,Master's,14,1,4,46.32
1.5,Master's,10,5,6,61.24
4.4,Bachelor's,13,1,6,39.14
5.9,PhD,16,2,9,90.92
0.5,Diploma,9,1,4,16.59
13.8,Master's,9,2,4,80.23
6.2,Diploma,7,1,8,44.0
4.3,Bachelor's,12,0,5,34.85
6.0,Diploma,8,2,3,34.25
2.8,Bachelor's,11,1,2,29.53
4.9,Bachelor's,8,1,3,35.76
5.5,PhD,9,1,3,59.61
9.8,Bachelor's,12,2,9,73.85
3.7,Master's,11,2,8,66.22
1.1,Bachelor's,11,0,3,25.67
2.0,High School,4,1,3,0.0
3.5,Master's,18,0,5,73.09
1.3,Master's,9,2,2,30.26
1.8,Bachelor's,2,0,3,0.0
2.0,Master's,9,2,1,43.52
3.3,Master's,13,0,5,40.18
6.1,Bachelor's,8,3,4,54.61
3.2,PhD,14,0,5,55.32
6.4,Master's,8,2,5,51.79
4.3,Master's,8,5,6,66.73
1.9,Bachelor's,3,1,2,0.0
5.5,High School,7,4,2,13.96
4.9,Bachelor's,8,1,10,39.4
6.6,Master's,8,1,7,63.11
7.5,Master's,9,1,2,48.39
10.0,Bachelor's,13,3,13,96.85
6.3,Bachelor's,13,1,6,55.38
4.8,Diploma,8,0,2,12.73
6.6,Bachelor's,13,3,7,65.53
2.9,PhD,8,3,4,65.22
2.8,Bachelor's,8,0,5,13.13
10.9,Bachelor's,11,2,11,73.47
2.7,Bachelor's,13,0,3,41.69
2.1,Bachelor's,13,1,5,42.49
6.3,Master's,11,1,7,49.47
3.0,PhD,10,4,7,79.08
7.5,Bachelor's,8,1,2,24.12
9.5,Bachelor's,10,1,4,61.87
2.3,Bachelor's,11,2,1,36.11
6.8,Bachelor's,8,3,5,67.44
2.6,Bachelor's,10,0,5,28.02
3.6,High School,6,1,6,1.84
5.4,Master's,12,3,9,75.4
2.8,Bachelor's,10,0,1,15.23
5.0,Bachelor's,10,1,5,44.83
3.8,Diploma,11,0,1,0.56
7.6,Master's,16,3,8,92.29
7.6,Diploma,7,1,3,18.93
2.8,Bachelor's,15,1,3,37.63
5.4,Master's,10,2,7,74.25
8.4,Bachelor's,15,3,7,86.46
1.8,PhD,15,3,1,67.97
3.8,Bachelor's,7,0,6,34.32
5.3,Master's,10,1,5,51.24
1.7,PhD,15,4,1,66.66
3.1,Bachelor's,7,0,4,10.11
12.4,Master's,3,2,2,44.4
2.7,Bachelor's,8,0,6,29.68
2.9,Master's,9,5,3,48.47
6.2,Master's,16,0,9,82.1
1.5,Master's,9,2,2,35.16
3.8,PhD,14,3,3,69.83
2.1,Bachelor's,10,2,1,21.93
5.0,Bachelor's,15,2,7,67.69
0.1,Bachelor's,9,1,0,15.49
4.5,Master's,13,0,0,31.99
5.4,Master's,10,1,2,40.79
3.1,Bachelor's,10,0,5,30.31
3.3,Bachelor's,13,3,3,49.95
2.8,Bachelor's,7,1,4,27.78
3.8,Master's,10,2,6,55.67
11.0,PhD,8,1,4,77.82
7.8,Diploma,6,2,2,25.4
3.8,Diploma,9,1,1,3.76
3.1,Bachelor's,5,2,2,30.35
7.3,Diploma,13,0,4,45.09
4.8,PhD,6,3,7,57.77
1.7,Bachelor's,8,2,4,30.65
3.5,Bachelor's,3,0,1,14.18
10.3,Bachelor's,10,2,2,51.24
6.1,Bachelor's,10,3,4,57.39
3.1,PhD,10,3,4,71.66
1.1,Bachelor's,13,0,5,34.85
5.0,High School,9,2,6,42.46
4.3,Bachelor's,9,0,1,25.88
3.7,PhD,11,0,6,60.12
7.3,PhD,14,2,11,99.93
6.1,Bachelor's,12,2,8,63.14
1.1,Bachelor's,8,0,3,11.06
4.3,Diploma,9,2,6,26.74
1.4,Bachelor's,10,1,2,15.95
2.9,Diploma,8,1,0,5.04
1.3,Master's,4,1,10,47.91
1.3,PhD,11,0,7,57.65
5.4,Diploma,12,3,0,33.53
5.1,Bachelor's,16,1,5,72.02
4.1,Diploma,6,2,4,33.78
2.7,Bachelor's,4,1,7,20.27
1.2,Diploma,9,0,2,9.8
2.9,Bachelor's,7,2,1,12.95
5.1,PhD,10,1,5,64.87
5.0,High School,12,2,7,26.59
10.1,Master's,12,4,5,81.68
9.2,Diploma,10,1,4,45.71
4.2,Bachelor's,8,2,1,24.52
2.9,Bachelor's,15,1,2,30.82
2.1,PhD,10,0,6,47.24
1.0,Diploma,10,2,2,8.85
1.5,Diploma,11,0,1,10.3
5.1,Master's,9,0,4,51.44
6.4,Master's,5,1,5,43.2
3.3,Master's,7,3,3,51.34
17.4,High School,14,3,7,78.4
1.6,Bachelor's,7,3,1,21.83
0.9,Master's,7,3,3,49.83
17.2,Bachelor's,13,6,6,100.0
1.1,Bachelor's,7,1,4,28.38
3.3,Bachelor's,9,2,3,28.16
2.3,Bachelor's,8,1,5,29.19
5.4,PhD,10,3,3,61.0
3.1,Master's,3,4,6,47.78
6.4,Diploma,7,2,8,44.05
7.4,PhD,17,2,6,99.37
1.0,Bachelor's,8,0,3,10.65
2.1,Bachelor's,6,2,3,21.63
6.8,Bachelor's,9,4,7,73.7
8.5,Master's,13,1,5,60.77
4.7,Bachelor's,9,0,2,7.0
5.6,Bachelor's,6,0,5,24.83
10.6,Master's,15,2,6,92.7
3.1,Diploma,5,2,8,28.48
4.6,PhD,9,2,9,68.52
9.2,Bachelor's,14,4,14,100.0
9.6,Bachelor's,8,1,7,54.02
3.8,Master's,6,1,6,30.77
2.1,Bachelor's,10,4,2,36.25
3.8,Bachelor's,10,0,2,30.4
4.1,Bachelor's,8,1,5,32.59
2.1,Master's,14,2,1,34.98
2.4,Master's,7,1,4,47.34
9.6,Master's,12,3,6,75.6
5.8,Bachelor's,11,2,3,48.27
3.3,Bachelor's,8,1,7,44.32
1.6,Bachelor's,7,0,5,23.32
2.4,High School,7,1,5,4.96
0.8,Master's,4,3,8,30.69
4.8,Bachelor's,9,2,3,46.5
2.3,Bachelor's,9,4,5,37.24
5.0,Bachelor's,10,3,2,49.74
6.8,Bachelor's,11,1,10,72.54
5.1,Bachelor's,13,0,2,26.83
3.0,Bachelor's,8,3,5,31.72
2.0,Bachelor's,2,1,2,2.6
1.4,Bachelor's,11,1,4,37.58
9.0,Bachelor's,8,3,8,62.91
4.9,Master's,8,4,3,56.23
3.1,Diploma,8,0,5,12.99
6.2,Bachelor's,13,4,6,75.45
8.0,Bachelor's,9,1,6,46.74
2.3,Bachelor's,10,1,3,22.86
4.8,Master's,13,2,5,55.89
4.9,Bachelor's,10,1,8,42.71
10.3,PhD,18,1,9,100.0
3.1,Master's,17,2,5,65.27
1.9,Bachelor's,11,2,7,38.83
5.2,Bachelor's,11,0,3,22.05
6.5,Bachelor's,12,1,8,57.96
4.6,Bachelor's,7,0,6,25.95
10.7,Bachelor's,7,2,6,51.93
3.1,Bachelor's,8,1,3,20.11
4.6,Bachelor's,12,3,9,67.62
1.1,Bachelor's,9,1,4,16.68
1.8,Master's,7,1,3,27.68
2.3,Master's,12,3,7,70.89
3.5,PhD,14,2,7,74.13
1.3,Bachelor's,4,1,4,6.2
6.1,Bachelor's,4,1,3,32.98
2.1,PhD,15,0,4,57.54
15.4,Master's,15,2,11,100.0
2.2,Bachelor's,12,0,3,31.7
4.3,Bachelor's,12,0,7,45.19
3.9,Diploma,7,0,5,17.2
1.7,Master's,8,0,3,15.72
3.5,Bachelor's,11,2,4,35.53
3.5,Bachelor's,7,0,4,36.57
7.4,Bachelor's,7,0,15,59.07
5.4,Bachelor's,4,1,6,32.49
6.0,Bachelor's,9,1,4,52.46
7.3,Master's,7,3,9,78.25
6.1,Bachelor's,8,1,4,39.72
4.8,High School,9,2,2,8.43
2.3,Bachelor's,11,2,5,36.53
4.6,Master's,7,3,2,42.37
2.0,Bachelor's,10,1,6,38.59
3.7,Bachelor's,6,1,4,35.17
3.4,Bachelor's,6,1,2,19.9
3.5,Master's,13,4,1,53.1
1.3,Master's,7,5,8,61.3
0.1,Master's,9,2,1,32.29
2.9,Diploma,10,1,7,33.88
8.5,Master's,9,1,4,55.47
4.2,Master's,12,1,5,46.41
8.1,Bachelor's,12,0,5,59.05
2.0,Bachelor's,9,0,4,21.23
2.8,Bachelor's,6,1,3,22.02
16.0,Bachelor's,6,3,9,81.17
2.1,Bachelor's,9,3,6,38.3
6.0,High School,4,2,3,12.69
6.0,PhD,13,6,4,83.9
5.5,Bachelor's,9,0,2,19.01
6.0,Bachelor's,14,2,8,79.0
2.0,Bachelor's,12,0,1,27.47
3.0,Bachelor's,4,1,3,19.16
0.2,Bachelor's,10,2,1,12.91
10.5,Bachelor's,10,2,6,67.46
6.0,Bachelor's,8,1,5,39.69
2.3,PhD,13,0,6,56.7
2.0,Bachelor's,11,1,3,28.97
8.6,PhD,9,2,11,82.69
2.2,Master's,9,1,3,20.59
2.3,Bachelor's,11,1,3,32.7
1.6,Bachelor's,10,1,1,21.4
6.8,Diploma,10,3,5,48.27
8.0,Master's,8,4,3,70.33
3.4,Bachelor's,9,0,7,39.87
8.1,Bachelor's,8,3,3,60.87
5.2,Master's,9,5,3,72.16
1.5,Bachelor's,9,1,2,20.94
10.0,Master's,12,1,4,69.95
1.6,Bachelor's,10,1,0,18.92
3.6,Master's,14,2,5,51.02
3.4,Bachelor's,7,1,3,31.11
2.9,Diploma,8,0,3,14.51
0.6,Master's,4,0,0,0.0
13.9,Diploma,9,6,8,99.32
0.7,PhD,12,2,4,53.27
10.4,Master's,21,5,11,100.0
1.9,Bachelor's,3,0,3,4.74
2.5,Bachelor's,4,2,4,21.01
9.7,Master's,8,3,10,100.0
5.6,Bachelor's,8,0,6,35.37
1.1,Master's,6,2,3,27.84
1.1,Diploma,7,0,5,8.58
5.0,Master's,16,3,4,66.66
1.6,Bachelor's,6,0,4,17.06
5.8,Master's,10,4,7,68.63
6.2,Bachelor's,7,1,1,30.38
2.1,Diploma,5,2,0,0.0
2.6,PhD,11,2,4,55.34
5.1,PhD,11,0,1,41.37
2.0,Bachelor's,12,2,3,32.78
4.3,PhD,9,2,4,46.81
16.6,Diploma,12,7,10,95.53
5.3,Diploma,10,2,4,31.97
3.0,Diploma,9,0,5,7.44
14.8,Bachelor's,11,1,9,97.73
7.1,Diploma,7,1,7,34.06
1.6,Bachelor's,15,0,4,41.32
1.9,Diploma,11,1,6,30.14
0.8,Master's,11,2,5,39.18
5.1,Master's,8,1,10,59.51
0.5,Master's,5,3,2,33.32
14.8,Bachelor's,7,3,8,87.0
3.3,Master's,8,3,4,55.44
7.4,Bachelor's,11,6,1,58.36
3.0,Master's,8,0,4,38.35
5.0,Bachelor's,14,1,3,41.08
3.6,Bachelor's,11,1,3,41.78
4.2,Diploma,13,3,1,41.26
9.0,Master's,8,5,3,62.2
12.0,PhD,11,1,8,96.42
11.4,Master's,8,1,8,67.2
25.0,PhD,14,8,11,100.0
2.2,PhD,21,0,5,67.25
5.4,Diploma,10,2,8,48.79
2.3,Master's,11,1,3,46.26
8.8,Bachelor's,8,3,5,58.39
1.7,Bachelor's,7,1,4,28.62
9.1,Diploma,7,1,9,50.63
4.7,PhD,17,1,8,98.56
3.8,Master's,13,0,6,45.96
4.1,Bachelor's,5,0,7,25.93
1.4,Bachelor's,9,1,4,11.98
1.6,Bachelor's,9,0,2,13.91
4.7,Master's,6,1,2,24.43
4.7,Master's,15,0,4,45.33
2.4,Bachelor's,13,2,3,28.78
3.2,Bachelor's,4,0,5,14.38
5.7,Bachelor's,8,1,3,35.33
2.0,Bachelor's,6,1,4,24.32
0.7,Bachelor's,5,1,2,16.11
10.7,Diploma,13,3,8,80.74
5.0,Diploma,7,1,5,16.32
2.7,Bachelor's,7,0,2,9.16
2.3,Master's,10,1,3,39.88
2.0,Bachelor's,9,1,2,23.52
8.8,Bachelor's,8,1,7,64.52
1.2,Master's,10,2,4,40.76
5.4,PhD,12,1,4,71.19
5.3,Bachelor's,7,1,1,22.99
6.9,High School,4,1,6,18.43
2.9,Master's,12,1,2,44.85
10.1,Bachelor's,11,0,8,63.32
7.0,Master's,10,3,8,69.25
2.9,Bachelor's,10,2,7,48.45
2.2,High School,4,1,3,0.0
3.6,Bachelor's,13,1,5,45.73
2.8,Master's,9,4,7,43.15
1.9,Bachelor's,12,1,4,33.34
4.2,Bachelor's,9,1,4,39.34
3.2,Bachelor's,8,2,1,17.71
11.8,Master's,15,3,6,100.0
2.8,Diploma,3,3,1,1.87
2.2,Master's,14,1,4,48.18
4.0,Master's,8,1,8,54.99
4.9,Bachelor's,8,2,4,31.98
5.1,PhD,8,3,6,77.26
5.1,Master's,14,3,5,80.74
4.1,Bachelor's,11,2,4,35.37
3.9,High School,10,2,3,15.61
6.2,Bachelor's,6,0,5,45.33
1.7,Bachelor's,8,0,7,36.84
2.2,Bachelor's,6,1,2,3.63
0.9,Master's,7,1,7,47.64
1.7,Master's,6,0,5,3.28
8.2,Bachelor's,20,3,10,100.0
6.0,Bachelor's,5,1,4,23.92
12.8,High School,18,4,2,71.87
10.9,Bachelor's,10,2,5,65.89
6.1,Diploma,7,1,4,25.91
4.5,PhD,6,2,3,54.84
4.1,Master's,5,5,8,61.9
0.4,Bachelor's,12,0,3,18.16
3.8,Master's,14,3,5,74.45
2.5,Bachelor's,6,1,4,22.32
1.8,Master's,11,2,5,45.75
5.4,Bachelor's,12,3,2,47.16
3.4,Diploma,7,2,1,10.91
4.3,Bachelor's,17,1,1,42.1
1.6,Diploma,12,1,3,23.77
7.2,Bachelor's,15,1,8,62.67
2.8,Bachelor's,11,2,2,44.95
5.2,Master's,10,2,3,53.36
3.0,Master's,12,3,1,35.26
0.3,Diploma,4,0,2,0.0
5.6,Bachelor's,9,2,4,36.33
3.6,Master's,11,1,4,47.39
0.9,Diploma,7,0,1,0.0
1.4,Bachelor's,8,2,4,33.44
7.4,Master's,7,7,2,76.63
0.9,Bachelor's,5,0,0,0.36
2.7,Master's,8,0,5,50.16
13.6,Bachelor's,6,3,5,61.98
5.7,Bachelor's,11,2,5,61.17
6.7,Diploma,7,1,2,31.06
3.2,High School,8,0,2,0.33
0.8,Diploma,5,1,3,5.05
4.6,Master's,12,0,7,64.01
1.5,Master's,12,2,3,43.21
1.4,Master's,16,4,4,63.29
4.2,Diploma,5,1,8,23.06
1.6,Bachelor's,10,1,5,34.14
3.9,Master's,13,3,5,62.09
2.2,Master's,14,2,2,44.04
3.8,Diploma,7,1,6,16.42
2.6,Master's,15,1,6,52.71
3.8,Diploma,11,1,4,22.87
10.3,Diploma,8,2,12,63.36
6.8,Master's,15,3,6,82.52
3.5,Bachelor's,8,0,1,10.68
9.2,Bachelor's,11,3,13,93.3
5.2,Bachelor's,8,1,4,49.41
8.8,PhD,4,3,5,78.27
1.0,Diploma,4,0,3,0.0
1.6,Master's,6,2,2,26.55
4.6,Bachelor's,8,4,8,49.72
3.4,Diploma,3,0,6,10.17
3.8,Bachelor's,11,1,4,39.74
5.9,Bachelor's,13,1,5,52.99
4.6,Bachelor's,6,2,4,25.44
7.2,Bachelor's,8,4,6,56.06
7.1,Bachelor's,9,4,6,69.93
1.7,Bachelor's,9,0,3,22.25
0.3,Master's,7,1,2,16.18
1.6,Master's,12,2,3,36.38
1.5,Bachelor's,11,0,7,34.69
4.1,Bachelor's,9,1,4,33.15
4.0,Bachelor's,13,1,3,30.77
3.3,Bachelor's,9,1,2,23.54
5.4,Diploma,6,2,7,30.48
17.6,Bachelor's,16,7,6,100.0
3.2,Diploma,6,0,1,0.0
4.7,Bachelor's,8,1,8,47.25
3.8,PhD,6,1,1,38.54
2.4,Bachelor's,3,0,5,22.39
5.9,Bachelor's,12,0,9,57.88
3.1,Bachelor's,3,1,6,28.79
2.0,Master's,10,3,4,40.21
2.1,Bachelor's,6,0,5,20.45
7.4,Bachelor's,12,2,7,61.63
5.8,Master's,14,2,2,65.28
2.6,Diploma,10,1,3,20.61
5.3,Bachelor's,12,1,6,62.12
3.9,Bachelor's,4,2,5,22.48
4.8,Master's,10,0,3,35.88
2.3,PhD,11,0,2,45.98
1.5,Master's,10,2,7,51.64
3.1,Bachelor's,13,1,2,27.69
1.8,Diploma,7,3,3,21.49
1.7,Bachelor's,6,2,2,15.1
1.1,Master's,7,1,1,25.3
0.4,PhD,17,2,0,43.03
2.6,Master's,13,1,9,61.91
8.4,Diploma,8,2,4,39.91
7.0,Master's,18,4,1,80.63
11.3,Master's,10,0,9,83.05
1.6,Master's,9,2,4,39.9
6.2,Master's,12,3,4,70.31
3.5,Bachelor's,7,2,6,37.66
2.1,Bachelor's,10,1,5,38.86
7.7,Bachelor's,7,0,4,23.91
3.5,Diploma,11,4,5,24.6
0.7,Master's,9,2,3,45.34
7.0,PhD,12,2,4,70.78
5.1,Master's,13,7,4,72.44
4.2,Bachelor's,16,3,6,64.95
1.3,Diploma,7,0,4,2.27
4.6,Bachelor's,7,2,7,47.07
10.3,Master's,17,6,7,100.0
5.0,Master's,13,0,4,48.64
0.9,PhD,9,1,3,49.13
5.2,Bachelor's,7,2,4,28.38
5.0,Bachelor's,8,2,8,33.53
6.5,Master's,7,2,1,43.67
4.9,Bachelor's,7,1,3,26.85
1.7,PhD,7,1,5,31.88
4.1,Bachelor's,12,0,4,40.89
3.1,High School,2,1,4,0.0
4.4,High School,6,2,3,8.2
7.9,Master's,10,2,5,71.19
2.2,Bachelor's,9,1,4,30.35
12.4,Master's,17,5,11,100.0
5.2,Master's,7,3,8,60.58
7.0,Bachelor's,14,2,6,66.2
6.3,Master's,9,2,8,71.05
5.1,PhD,2,1,3,33.43
5.8,Diploma,10,1,9,37.5
0.0,Master's,14,1,4,49.86
6.3,Bachelor's,12,3,3,67.69
1.8,Bachelor's,6,1,9,45.93
3.7,Bachelor's,10,1,2,10.01
5.0,Master's,10,1,5,61.51
8.2,High School,8,2,6,29.09
1.8,Bachelor's,13,1,1,41.12
2.7,Master's,13,1,4,42.01
3.0,Diploma,3,1,5,1.02
4.5,Master's,10,3,3,53.99
3.2,PhD,8,2,4,51.4
5.8,Diploma,10,2,4,33.23
0.7,Diploma,9,2,2,19.5
3.5,PhD,8,0,10,72.59
11.0,Diploma,8,1,8,46.53
3.2,Diploma,12,0,5,38.47
5.2,PhD,13,2,7,71.8
7.3,Master's,12,2,7,69.93
5.1,Master's,16,3,7,100.0
13.2,Bachelor's,14,1,4,75.33
4.1,Master's,9,0,9,49.52
6.0,Master's,18,0,8,80.15
4.6,Master's,13,3,3,66.91
9.5,Master's,12,6,5,96.29
2.8,Master's,12,1,4,57.01
13.9,Bachelor's,14,2,11,93.62
2.3,Bachelor's,5,2,2,13.34
11.7,Bachelor's,9,3,7,68.12
1.6,Bachelor's,7,1,4,15.87
6.1,Bachelor's,8,1,4,37.89
3.9,Bachelor's,5,1,7,25.04
7.2,Master's,15,3,4,79.16
5.3,Bachelor's,6,1,4,35.17
7.0,High School,10,3,4,24.76
1.6,Bachelor's,5,2,2,11.46
0.8,Bachelor's,2,1,1,0.0
1.3,Master's,8,3,2,35.67
1.3,Bachelor's,1,0,2,0.0
1.6,Bachelor's,10,0,2,25.11
2.4,Master's,10,3,5,61.28
2.4,High School,10,1,4,4.85
3.9,Diploma,5,1,7,27.66
1.9,Master's,6,1,3,37.99
2.1,Bachelor's,8,0,1,21.17
3.3,Master's,13,4,1,58.22
7.9,Master's,8,4,10,84.57
2.8,PhD,13,1,2,44.03
3.7,Diploma,4,1,10,25.42
4.2,Master's,11,0,1,24.82
1.7,Master's,8,0,5,41.56
3.0,Bachelor's,5,1,3,16.51
2.2,PhD,8,2,3,47.84
7.4,Bachelor's,8,1,10,54.53
7.0,Master's,15,0,4,51.93
2.0,Bachelor's,11,1,2,31.93
3.7,Bachelor's,9,1,2,30.68
6.0,Diploma,14,2,3,49.75
4.9,Master's,13,1,2,37.34
5.3,Bachelor's,4,1,3,32.57
1.7,High School,3,1,3,0.0
11.4,High School,10,1,9,57.73
2.4,Master's,10,1,2,16.42
2.3,Diploma,10,1,5,26.77
1.2,Bachelor's,6,1,0,6.13
3.4,Master's,12,0,6,48.91
8.5,Bachelor's,14,1,6,63.94
4.9,Bachelor's,10,2,5,42.03
3.6,Bachelor's,10,1,0,12.77
6.7,PhD,11,2,5,65.37
8.4,Master's,9,4,5,74.28
7.0,Bachelor's,12,1,5,62.24
0.6,Bachelor's,5,1,3,19.53
6.7,Bachelor's,10,0,5,43.99
5.5,PhD,15,4,3,80.49
2.0,Bachelor's,11,0,2,37.16
5.5,Bachelor's,6,3,3,42.59
8.5,Master's,7,5,4,75.81
2.5,Diploma,8,2,1,2.76
7.3,Bachelor's,7,0,4,35.93
5.0,Diploma,8,4,4,29.06
0.1,Bachelor's,10,1,3,37.01
3.8,Bachelor's,8,0,4,19.91
4.8,PhD,14,0,7,68.14
3.1,Bachelor's,10,4,4,42.81
5.1,Diploma,13,2,0,26.32
3.5,Master's,13,2,5,64.59
15.7,Master's,9,5,10,100.0
2.9,Master's,13,2,4,55.26
2.0,Master's,12,2,2,49.35
7.1,Bachelor's,8,1,9,44.08
3.2,Bachelor's,16,3,5,65.75
3.7,High School,5,0,5,2.07
3.4,Diploma,6,1,2,3.56
6.8,PhD,11,4,5,85.35
1.5,Master's,11,3,7,60.49
7.3,Bachelor's,11,1,6,34.76
5.8,Diploma,8,2,4,41.22
12.5,PhD,17,5,6,100.0
4.5,Diploma,9,1,3,12.37
1.7,Bachelor's,9,0,1,7.88
4.6,Diploma,9,3,6,50.49
5.0,High School,3,1,2,0.97
9.0,Bachelor's,12,4,9,87.25
1.7,PhD,6,2,3,45.5
0.9,Bachelor's,10,0,5,27.97
4.7,Bachelor's,10,0,4,25.62
12.8,Master's,15,3,5,92.3
6.4,Bachelor's,12,0,4,50.51
6.6,Master's,8,3,4,63.6
1.2,Master's,16,2,1,50.27
4.1,Bachelor's,6,0,2,11.62
9.1,Bachelor's,10,5,8,89.01
5.1,Master's,6,2,6,43.71
0.9,Master's,14,1,5,60.55
4.0,Master's,7,2,8,50.49
6.1,Diploma,3,2,9,28.52
3.7,Master's,11,3,5,60.47
1.8,Master's,7,0,6,35.61
7.2,Bachelor's,8,3,5,53.9
2.8,Master's,17,1,4,49.63
5.4,Bachelor's,11,1,6,51.58
4.0,Bachelor's,7,1,6,42.14
2.7,Master's,9,3,4,49.05
13.8,Bachelor's,10,0,7,57.7
2.5,Bachelor's,8,1,2,19.54
4.2,Bachelor's,8,1,6,29.54
3.9,Master's,8,0,10,40.14
4.6,Bachelor's,10,0,4,29.13
13.1,Master's,14,3,4,100.0
6.1,Master's,9,3,7,67.88
2.7,Bachelor's,10,1,1,21.44
10.5,PhD,11,1,9,98.15
6.8,Master's,9,3,8,77.99
2.8,Bachelor's,9,1,6,25.32
9.4,PhD,12,2,13,100.0
1.2,Bachelor's,10,1,4,29.32
1.5,High School,2,3,0,0.0
0.8,Bachelor's,6,0,1,0.0
0.4,Bachelor's,7,2,5,11.71
9.0,Diploma,17,6,5,82.64
4.6,Bachelor's,9,0,5,25.64
0.9,Bachelor's,13,1,2,36.78
3.9,Bachelor's,11,1,6,33.63
7.5,High School,9,2,11,48.96
2.1,Master's,7,4,5,55.24
3.1,Bachelor's,13,0,7,47.78
14.2,Diploma,9,4,8,75.69
3.3,Bachelor's,7,1,7,22.72
1.0,Bachelor's,8,1,3,8.54
2.6,Bachelor's,14,0,9,45.84
0.8,Bachelor's,5,2,2,3.36
6.4,High School,6,3,6,27.9
1.9,Master's,8,1,2,24.02
1.8,Bachelor's,4,2,3,7.76
15.1,Diploma,13,2,8,71.56
1.3,Master's,4,0,3,4.97
1.1,Master's,9,1,7,43.94
1.6,Bachelor's,14,1,4,33.06
7.7,Bachelor's,10,0,8,54.26
5.8,Bachelor's,9,1,5,41.43
2.5,Bachelor's,10,1,3,27.26
2.4,Diploma,6,2,2,15.26
5.5,Bachelor's,6,1,10,37.93
4.7,PhD,11,3,3,72.41
3.5,Master's,10,1,4,47.83
6.0,Bachelor's,26,2,4,82.93
1.5,Bachelor's,10,2,0,15.74
1.9,Master's,12,0,0,28.75
6.2,Bachelor's,7,2,5,46.48
5.0,Diploma,11,0,0,4.32
4.1,Diploma,6,1,0,9.4
14.7,Master's,13,3,8,100.0
7.0,Bachelor's,13,1,1,42.7
2.6,Diploma,4,0,0,0.66
2.0,Diploma,12,1,4,28.13
5.2,Bachelor's,7,0,7,38.64
9.0,Bachelor's,13,3,10,79.82
0.7,Master's,13,3,3,47.73
4.9,Diploma,10,1,3,18.3
3.0,Master's,8,2,4,50.41
4.6,PhD,14,4,4,76.55
1.0,Bachelor's,6,1,4,30.83
9.0,Diploma,14,0,7,57.29
10.7,Master's,11,2,10,93.76
6.5,Bachelor's,11,1,7,44.91
12.1,High School,6,4,6,54.84
2.9,Bachelor's,9,1,4,28.9
4.8,Master's,11,3,5,59.33
6.6,Bachelor's,15,3,4,60.13
5.3,Master's,8,1,6,42.28
3.2,Bachelor's,7,1,8,38.54
3.5,Bachelor's,12,4,1,43.42
10.0,High School,13,2,4,35.27
3.9,Bachelor's,11,2,4,46.67
8.6,Diploma,12,1,3,56.78
3.8,Bachelor's,10,0,3,17.39
8.6,Bachelor's,8,2,5,51.76
4.3,Bachelor's,13,1,6,62.15
6.2,Bachelor's,12,0,3,33.92
2.3,High School,7,1,3,3.73
4.8,Bachelor's,9,2,2,37.82
2.3,PhD,20,2,2,78.93
2.9,Diploma,12,1,0,28.99
3.1,Bachelor's,9,1,1,9.1
3.5,Bachelor's,11,2,1,34.28
7.9,Bachelor's,12,1,4,48.61
2.8,Master's,11,3,2,48.47
4.5,Bachelor's,9,2,2,34.38
8.6,Bachelor's,6,3,3,44.54
6.1,Bachelor's,7,0,9,37.23
0.7,Bachelor's,8,0,2,3.59
1.0,PhD,16,1,6,83.54
5.3,PhD,10,2,13,81.58
2.7,Diploma,6,1,5,24.53
0.9,Bachelor's,4,0,5,3.47
2.5,Bachelor's,10,4,4,46.53
5.5,Diploma,5,2,3,34.7
3.0,Bachelor's,9,0,3,29.01
4.2,Bachelor's,8,2,6,32.0
3.3,Bachelor's,10,0,4,26.86
2.2,Bachelor's,13,1,6,43.57
4.8,Bachelor's,5,1,2,28.39
0.8,PhD,15,0,5,57.65
2.0,Master's,10,0,5,37.59
6.9,Diploma,6,3,4,47.0
1.0,Master's,13,0,2,45.68
4.0,Bachelor's,8,0,1,23.0
2.8,Master's,10,2,5,45.93
2.6,Bachelor's,9,1,4,10.12
7.4,Master's,8,2,6,52.9
8.4,Diploma,10,0,9,37.41
1.6,Bachelor's,13,0,5,33.89
3.5,PhD,11,1,9,79.22
0.5,Diploma,9,1,4,27.69
7.1,Diploma,8,4,2,47.84
3.8,Master's,9,3,7,56.5
1.0,Master's,12,0,2,33.56
2.1,Master's,8,1,2,33.18
1.4,Master's,21,2,3,54.95
2.0,Master's,14,1,5,46.46
0.6,Diploma,5,0,5,0.0
9.9,Bachelor's,13,1,6,82.1
1.6,Master's,16,1,7,65.15
4.0,Master's,9,0,4,29.67
5.4,Bachelor's,6,0,5,25.92
8.4,Diploma,12,1,8,58.55
4.1,Master's,8,3,3,46.62
3.2,Bachelor's,13,0,4,33.49
4.2,High School,9,6,5,45.62
1.6,Master's,8,5,5,66.73
1.7,Bachelor's,13,1,8,57.13
3.2,Bachelor's,8,0,5,25.07
0.4,High School,3,0,2,0.0
2.2,High School,7,3,3,7.34
2.7,Master's,4,1,2,30.34
13.3,Bachelor's,14,6,6,99.48
9.2,Diploma,8,1,5,25.19
5.4,Bachelor's,12,1,2,42.6
7.2,Diploma,8,2,3,36.18
1.7,Diploma,9,0,2,3.1
4.3,Bachelor's,7,0,2,32.97
6.6,Bachelor's,8,1,8,46.84
1.7,Bachelor's,8,1,5,38.01
1.0,Bachelor's,10,2,2,16.25
5.0,Bachelor's,9,2,4,43.44
1.1,Bachelor's,7,0,7,18.68
5.8,Diploma,7,1,7,32.33
8.3,High School,7,2,7,40.24
1.7,High School,6,0,7,0.0
1.9,Bachelor's,8,0,3,12.43
8.2,Master's,8,4,6,72.44
4.1,Diploma,9,3,8,72.61
7.4,Master's,15,3,4,79.1
3.2,Master's,6,4,4,49.82
3.4,High School,11,0,4,14.58
4.0,High School,13,1,4,9.94
11.6,Diploma,12,1,7,68.5
7.0,Diploma,15,1,5,54.59
2.2,Bachelor's,13,0,2,14.15
4.6,High School,8,0,4,25.55
3.1,Master's,5,0,6,33.19
2.6,Bachelor's,10,2,3,25.54
5.7,Master's,9,6,3,71.97
4.9,Master's,8,4,3,48.85
1.7,Bachelor's,9,1,4,15.13
4.0,Master's,9,2,7,55.59
2.6,PhD,9,2,3,50.33
5.4,Bachelor's,11,1,6,36.89
2.5,Diploma,6,1,4,6.23
3.5,Bachelor's,11,0,6,30.57
2.7,Bachelor's,9,1,7,36.13
0.7,Bachelor's,4,3,1,17.62
11.2,Bachelor's,13,1,7,74.24
4.0,Bachelor's,8,0,5,29.39
11.5,Master's,8,3,6,65.66
4.1,Bachelor's,12,0,8,47.97
6.4,Bachelor's,13,1,6,48.12
2.3,Bachelor's,10,0,4,13.75
2.4,Master's,12,5,5,74.65
3.8,Bachelor's,6,1,5,19.25
11.4,High School,8,1,5,36.21
1.8,Master's,7,3,1,29.88
0.5,Diploma,7,0,3,0.0
8.0,Master's,10,2,1,63.04
6.7,Bachelor's,8,0,2,24.33
2.8,Bachelor's,13,2,6,46.32
14.4,Master's,9,5,6,93.99
14.8,Master's,14,4,9,100.0
0.7,Master's,15,1,4,47.3
2.3,Bachelor's,4,1,5,14.76
3.8,Master's,7,2,3,33.74
5.3,Bachelor's,5,4,6,47.87
4.8,Master's,10,3,4,53.4
4.0,Master's,11,1,2,55.57
1.6,Diploma,7,1,4,7.81
5.8,Bachelor's,15,0,6,56.82
6.0,Bachelor's,16,0,6,56.63
7.7,Diploma,14,2,3,45.76
1.4,Bachelor's,5,1,3,20.36
3.4,Diploma,12,0,4,28.31
2.7,Bachelor's,16,0,3,42.89
1.3,Diploma,7,0,4,10.13
3.3,Bachelor's,10,0,1,8.63
1.6,Master's,13,0,0,33.17
1.1,Bachelor's,7,0,1,5.15
6.8,Bachelor's,11,2,3,44.7
2.8,Master's,5,1,3,53.63
2.2,PhD,13,2,0,40.57
9.0,Bachelor's,8,1,9,60.17
6.2,Diploma,3,0,4,9.83
0.5,Diploma,6,0,3,0.0
5.3,PhD,16,1,6,73.1
5.3,Master's,13,2,7,72.5
3.2,Master's,12,1,7,49.33
3.1,Master's,13,0,3,45.26
0.8,Diploma,7,1,2,4.59
14.3,Bachelor's,7,4,9,86.41
3.3,Master's,12,5,6,73.25
5.1,Master's,12,4,4,80.15
3.5,Bachelor's,12,2,3,45.37
2.2,Bachelor's,9,2,2,28.55
7.1,Diploma,9,2,5,43.36
4.5,PhD,10,3,5,70.85
3.3,Bachelor's,15,1,5,52.83
5.1,Master's,11,4,4,61.68
3.7,Bachelor's,7,3,2,47.96
12.0,Bachelor's,10,5,6,85.77
7.0,Master's,18,0,8,100.0
5.7,Bachelor's,10,3,3,63.9
0.9,Master's,7,0,2,15.92
5.8,Master's,10,2,9,72.9
5.7,Master's,10,2,5,61.76
1.7,Bachelor's,12,0,7,45.04
0.9,Master's,12,0,5,41.2
6.8,Bachelor's,14,0,7,66.77
7.4,Bachelor's,5,1,7,30.23
2.4,Bachelor's,7,1,5,22.79
2.3,Bachelor's,7,3,3,29.11
4.4,Diploma,7,1,10,32.68
2.8,Bachelor's,7,1,3,9.82
0.9,Diploma,5,1,4,11.41
1.6,Bachelor's,4,0,4,2.06
5.0,Diploma,8,3,7,37.33
1.7,Bachelor's,13,1,2,36.07
7.6,Master's,13,1,7,81.91
5.7,Bachelor's,13,1,3,41.07
5.1,High School,7,2,6,14.65
4.3,Master's,10,4,5,58.38
2.1,Master's,8,2,2,43.14
6.2,Master's,6,3,4,61.51
2.1,Master's,11,1,1,36.82
7.9,PhD,11,4,10,100.0
10.8,Bachelor's,10,4,8,72.33
4.4,PhD,14,0,6,71.91
9.8,PhD,10,5,3,95.46
1.7,Bachelor's,8,1,7,34.68
5.7,Master's,15,2,6,75.27
3.9,Master's,11,0,5,39.11
6.8,Master's,7,2,5,63.84
0.5,Master's,12,2,2,29.64
6.6,Bachelor's,15,1,3,52.47
2.3,Bachelor's,6,2,2,23.88
4.1,Bachelor's,5,4,1,38.33
14.1,Master's,15,7,8,100.0
5.9,Master's,12,0,4,60.39
5.3,Master's,11,3,0,48.02
5.0,Master's,12,2,5,78.82
8.5,PhD,16,1,10,100.0
7.0,Diploma,10,1,4,32.04
5.1,PhD,11,0,8,67.25
4.6,Diploma,4,1,3,16.1
4.4,Bachelor's,11,2,3,37.97
3.8,Diploma,8,0,3,3.46
1.3,Bachelor's,7,2,2,20.53
5.8,Bachelor's,4,3,7,28.81
2.5,Diploma,8,2,2,18.14
3.4,Bachelor's,13,1,4,46.1
7.3,Master's,13,2,8,77.72
3.8,Diploma,9,0,1,17.79
3.6,Master's,12,2,1,52.09
4.4,Diploma,10,1,2,13.6
3.1,Diploma,12,0,2,17.6
13.9,Diploma,7,2,3,45.83
12.7,Bachelor's,9,1,5,59.93
12.5,Master's,11,3,4,91.64
5.0,Bachelor's,7,1,2,30.7
2.4,Master's,13,3,3,49.96
7.5,Bachelor's,8,0,12,62.19
3.1,Master's,4,2,7,37.61
7.9,PhD,14,6,4,97.6
2.3,Bachelor's,11,0,3,37.13
5.3,Diploma,7,1,5,44.26
8.7,Diploma,10,2,5,60.39
3.2,Bachelor's,5,0,3,16.37
3.2,Bachelor's,10,1,5,38.05
1.0,Diploma,9,1,0,10.35
2.3,Master's,8,3,2,40.98
5.0,PhD,12,1,3,50.93
5.5,Bachelor's,8,2,3,50.97
6.1,Bachelor's,6,1,2,18.24
0.6,Bachelor's,6,3,2,29.1
3.1,Bachelor's,14,1,5,51.42
1.1,Master's,12,2,8,72.76
4.8,Bachelor's,13,1,4,51.88
0.8,Diploma,9,0,2,0.0
1.5,Bachelor's,9,1,5,37.33
6.9,Diploma,11,2,5,41.68
2.6,Bachelor's,9,0,7,26.56
9.9,Bachelor's,11,0,9,52.36
6.2,Bachelor's,7,3,1,35.2
3.3,Bachelor's,6,0,2,1.61
7.7,Master's,10,0,6,69.05
3.5,High School,6,1,4,0.0
6.7,Master's,9,3,7,67.46
2.2,High School,8,3,6,18.32
8.0,Bachelor's,9,1,8,58.57
0.9,Master's,9,1,8,40.32
1.5,Master's,9,3,3,51.53
1.7,Diploma,8,1,3,12.58
2.4,Bachelor's,9,0,5,27.15
5.1,Master's,5,0,9,43.1
4.0,PhD,9,4,5,75.48
6.7,Bachelor's,11,2,3,58.46
8.8,High School,12,1,4,54.18
0.8,Bachelor's,13,0,8,33.89
9.5,Diploma,10,1,8,52.77
3.4,High School,9,2,2,0.0
12.3,Bachelor's,12,2,11,95.57
2.1,Master's,10,0,1,17.23
0.6,High School,7,0,5,0.0
6.3,Master's,12,1,5,69.92
6.0,Master's,15,3,1,61.63
1.5,Master's,6,1,4,22.77
1.7,Bachelor's,9,1,5,39.63
7.1,Bachelor's,15,2,8,78.72
5.3,Diploma,6,3,2,15.43
3.1,Bachelor's,8,0,4,25.07
5.7,Bachelor's,12,1,5,42.48
4.9,Bachelor's,10,0,0,30.08
1.8,Diploma,7,0,3,5.52
7.4,Diploma,7,1,4,39.99
6.5,Master's,10,2,4,51.63
4.1,Master's,5,1,3,33.66
7.1,Bachelor's,7,0,6,39.26
13.3,PhD,13,1,11,100.0
1.7,Bachelor's,9,1,2,16.93
3.3,Bachelor's,10,0,2,6.89
3.4,Master's,11,4,6,72.01
7.0,Bachelor's,8,2,9,60.05
2.4,Bachelor's,6,1,2,9.98
6.7,Bachelor's,6,2,7,44.49
2.7,Bachelor's,8,4,2,27.21
1.5,Bachelor's,12,0,2,9.19
4.2,Bachelor's,8,1,1,30.8
2.6,Bachelor's,5,3,1,25.01
4.6,Bachelor's,7,1,6,26.75
5.4,Bachelor's,9,3,3,62.93
0.9,Bachelor's,6,1,0,0.0
2.9,Master's,15,4,1,65.51
4.2,Master's,13,2,2,52.92
7.1,Bachelor's,7,2,7,42.42
6.5,Master's,7,3,9,73.42
2.0,High School,8,0,2,0.0
3.5,Bachelor's,13,0,4,32.31
5.6,Bachelor's,7,2,6,54.06
3.3,Bachelor's,8,0,3,26.28
2.2,Master's,15,3,8,79.37
3.9,PhD,10,3,4,64.26
5.2,Bachelor's,9,0,3,32.23
1.8,Bachelor's,9,0,5,25.32
6.0,Bachelor's,5,3,5,46.26
4.4,Bachelor's,10,0,2,19.54
6.2,Diploma,3,1,7,7.16
3.8,PhD,6,0,10,69.64
12.0,Master's,16,3,9,100.0
5.1,PhD,5,3,5,64.75
6.7,Bachelor's,8,2,2,33.13
6.0,High School,9,2,5,25.04
3.5,Bachelor's,4,2,3,33.46
4.8,PhD,7,1,1,45.85
2.5,Diploma,7,3,2,34.08
11.4,Diploma,14,0,6,64.75
5.6,Diploma,3,1,5,12.06
2.1,Master's,15,0,1,42.3
9.8,Master's,10,4,7,98.82
3.6,Master's,9,2,7,58.04
7.3,Diploma,7,2,3,34.97
0.8,Master's,12,4,3,63.28
8.6,Bachelor's,11,2,10,57.12
5.4,Diploma,11,6,3,58.05
1.9,Bachelor's,8,1,7,43.96
5.3,Bachelor's,12,4,5,56.07
10.7,Bachelor's,19,4,4,98.85
2.5,PhD,13,2,2,58.15
2.5,Bachelor's,8,1,6,20.42
3.4,Bachelor's,4,2,6,36.63
4.2,Master's,7,0,3,32.21
7.7,Master's,11,5,7,86.78
5.6,High School,9,3,5,34.98
3.4,Bachelor's,9,0,5,23.24
5.0,Bachelor's,8,1,9,54.74
11.9,Bachelor's,5,1,3,37.93
6.3,Master's,20,3,3,94.34
3.7,Bachelor's,8,1,2,33.01
3.4,Bachelor's,10,2,2,44.48
4.8,Diploma,10,2,1,27.46
7.6,Bachelor's,10,1,6,49.48
2.2,Bachelor's,14,1,4,34.93
6.9,Master's,10,5,6,73.93
3.7,Bachelor's,6,1,6,30.42
4.1,Master's,16,2,4,60.5
18.1,Bachelor's,13,2,10,100.0
6.4,Master's,7,1,6,46.37
2.7,Diploma,8,0,4,7.98
5.4,Bachelor's,6,4,2,36.25
7.8,Diploma,5,0,5,17.74
6.5,High School,9,0,2,7.39
0.5,Master's,13,1,3,44.53
4.0,Master's,9,5,2,50.5
5.5,Bachelor's,7,1,6,30.49
5.2,Bachelor's,11,1,4,40.69
2.9,Bachelor's,7,2,1,13.3
6.5,Bachelor's,7,0,3,38.59
8.6,Master's,11,0,8,64.23
0.9,Bachelor's,7,1,3,17.33
0.8,Master's,15,2,2,50.93
5.3,Bachelor's,11,1,3,30.06
6.9,PhD,12,1,2,57.86
2.5,High School,4,0,1,0.0
0.5,Bachelor's,5,0,3,12.14
4.0,Master's,11,5,3,78.14
5.3,Diploma,3,2,4,31.52
3.2,Diploma,5,2,7,34.59
8.0,Bachelor's,23,2,6,79.97
5.1,Bachelor's,13,1,5,42.91
2.3,PhD,10,0,5,60.15
2.5,Master's,10,2,5,60.88
4.1,Bachelor's,5,1,3,27.54
3.1,PhD,10,0,2,49.4
0.8,Bachelor's,8,2,3,20.59
4.8,Master's,15,2,4,77.88
2.6,Bachelor's,12,0,1,17.78
2.9,Bachelor's,9,0,5,16.9
1.6,High School,10,1,0,2.56
10.9,High School,12,3,9,60.37
6.2,Master's,15,2,3,56.87
12.6,Diploma,10,0,8,64.65
3.2,Bachelor's,9,2,5,25.6
6.4,Master's,7,1,5,52.7
4.8,High School,8,2,3,11.63
2.4,Bachelor's,12,1,5,50.84
3.2,Master's,6,1,6,43.89
6.2,Master's,11,2,2,61.97
1.6,Bachelor's,8,1,3,13.41
8.0,PhD,20,2,12,100.0
4.5,Master's,7,0,4,33.44
7.3,Master's,7,0,7,57.68
5.3,Bachelor's,11,2,5,50.47
0.9,Master's,12,3,4,59.88
4.0,Master's,11,0,2,42.19
8.1,Bachelor's,12,1,4,45.17
4.5,PhD,7,3,7,72.79
4.1,Master's,6,1,5,41.5
4.5,Bachelor's,11,1,4,49.29
0.7,Master's,5,0,2,7.51
8.7,Bachelor's,11,3,6,62.73
0.3,Master's,13,0,6,46.68
9.9,Master's,14,3,8,100.0
3.0,High School,10,2,2,9.92
5.6,Diploma,6,1,5,28.43
0.6,Bachelor's,13,0,2,22.83
6.9,Master's,11,2,8,73.48
6.1,Bachelor's,12,1,3,52.53
5.8,Master's,9,6,3,70.77
0.6,Bachelor's,12,2,1,23.43
2.1,Bachelor's,7,0,2,9.16
5.3,Master's,14,1,2,51.51
8.6,Bachelor's,8,1,3,36.9
1.9,Bachelor's,8,1,6,29.36
1.9,High School,3,1,3,0.0
5.1,Diploma,5,0,10,32.33
17.1,Diploma,10,0,5,55.35
2.4,Bachelor's,10,2,4,33.02
3.0,Bachelor's,16,0,2,33.96
2.7,Bachelor's,15,1,5,41.38
3.7,Diploma,8,1,2,10.06
9.0,Bachelor's,11,1,13,86.3
3.8,Bachelor's,2,1,7,35.55
18.1,PhD,15,3,11,100.0
4.4,Bachelor's,17,3,7,66.79
9.6,Diploma,9,5,10,75.84
3.2,Bachelor's,9,0,4,27.31
1.3,Master's,12,3,2,51.8
3.8,Master's,18,3,6,77.05
5.9,Master's,12,3,8,73.92
2.1,Master's,7,2,3,53.56
8.6,Bachelor's,11,4,4,56.61
2.8,PhD,12,3,8,85.72
1.6,High School,5,0,2,0.0
16.0,Master's,11,1,12,100.0
2.0,Master's,8,1,4,39.05
2.7,Master's,5,7,3,43.79
6.6,Bachelor's,15,3,8,76.91
3.1,Master's,7,3,5,57.59
1.7,Diploma,8,0,5,13.45
2.5,Bachelor's,12,1,6,42.57
13.2,Bachelor's,15,3,4,97.15
6.0,Bachelor's,13,0,6,56.27
6.9,Master's,14,5,7,97.25
4.9,Bachelor's,5,1,5,23.96
5.5,Bachelor's,10,3,3,29.01
2.9,Bachelor's,14,0,7,49.16
4.5,Master's,7,3,3,47.34
0.5,Master's,16,1,2,49.96
7.8,Master's,7,6,8,86.77
2.9,Diploma,4,1,5,11.71
1.5,Master's,10,3,5,51.64
4.7,Master's,14,4,7,72.69
3.5,High School,5,2,2,0.0
7.6,Bachelor's,10,0,9,50.2
3.9,Bachelor's,6,1,3,15.34
2.5,Bachelor's,3,0,2,4.28
4.0,Diploma,7,1,2,0.84
10.3,Bachelor's,13,2,3,59.98
7.8,High School,6,2,4,36.18
6.0,Diploma,8,2,5,34.09
8.0,Bachelor's,5,1,7,45.29
6.4,Master's,13,3,0,58.3
1.9,Bachelor's,4,1,2,11.47
6.9,Bachelor's,11,1,3,40.18
8.7,Master's,9,0,5,54.91
9.0,Bachelor's,10,5,11,86.28
1.6,Diploma,9,2,2,4.22
2.7,Bachelor's,9,3,2,42.09
2.4,Bachelor's,8,2,2,19.02
3.2,Bachelor's,13,2,5,60.25
5.6,Bachelor's,9,2,7,46.38
4.6,Bachelor's,14,1,5,40.24
4.6,Bachelor's,5,1,3,37.4
1.2,PhD,7,1,3,27.58
2.6,Bachelor's,1,0,3,0.0
9.4,Bachelor's,7,4,6,54.31
8.6,Bachelor's,10,1,9,63.35
3.8,Master's,12,3,5,53.05
6.9,Master's,9,3,4,57.87
5.3,Master's,9,5,2,45.87
7.5,Bachelor's,6,1,5,47.94
7.2,Bachelor's,5,1,6,42.73
4.1,Master's,11,2,4,44.46
6.1,Bachelor's,13,2,5,39.97
5.5,PhD,7,3,4,56.83
4.2,Bachelor's,3,0,3,17.35
3.5,Bachelor's,13,1,4,49.63
12.0,Bachelor's,9,1,5,58.51
4.2,Bachelor's,16,2,6,57.73
6.7,Master's,8,0,4,40.68
11.4,Diploma,12,2,10,76.91
6.1,Bachelor's,7,0,4,37.0
5.9,Bachelor's,4,3,4,35.94
4.2,Master's,13,5,8,81.93
5.6,Bachelor's,9,2,4,48.92
3.3,PhD,9,1,6,69.18
19.6,Master's,11,2,11,100.0
1.2,Bachelor's,8,1,4,23.78
3.7,Master's,16,2,7,67.67
6.1,PhD,15,2,5,82.91
5.9,Bachelor's,13,3,4,51.37
3.3,Bachelor's,7,1,3,34.5
0.8,Bachelor's,14,1,4,42.63
1.4,Bachelor's,5,1,4,29.47
4.8,Diploma,10,1,7,32.87
0.6,Master's,10,3,2,55.17
6.4,Bachelor's,10,2,3,46.74
9.1,Bachelor's,11,2,3,54.26
7.2,High School,7,2,3,28.88
8.2,Master's,8,0,6,47.73
0.6,Bachelor's,5,0,6,15.75
3.4,Bachelor's,12,0,5,36.14
1.8,Bachelor's,8,1,3,25.05
1.0,Diploma,8,0,4,4.29
2.9,Bachelor's,8,1,0,12.42
11.3,PhD,16,2,7,100.0
13.3,Bachelor's,12,1,4,66.06
2.0,Master's,12,2,6,56.41
4.4,High School,4,1,3,9.09
5.5,Master's,14,1,6,50.26
3.4,Bachelor's,10,1,1,31.15
9.6,Bachelor's,10,1,4,49.12
2.9,Bachelor's,13,1,3,35.68
2.5,Diploma,6,2,2,2.8
2.1,Bachelor's,4,3,6,32.03
3.4,Bachelor's,9,0,2,18.51
0.2,Bachelor's,7,1,1,7.37
3.5,PhD,6,1,3,47.17
4.6,Bachelor's,10,1,4,42.55
4.8,Master's,11,2,7,75.11
1.7,Bachelor's,13,1,2,26.16
4.7,Diploma,11,2,5,42.9
4.7,Bachelor's,10,1,1,34.0
4.7,Bachelor's,7,0,3,24.1
7.3,Bachelor's,8,4,8,79.42
1.6,Master's,14,1,3,41.13
3.4,Master's,13,1,2,46.93
0.8,Bachelor's,6,1,2,13.63
6.9,Bachelor's,7,2,4,33.48
1.9,Bachelor's,16,1,2,47.48
8.1,Bachelor's,10,2,7,60.93
8.3,Diploma,11,2,7,57.58
3.7,Diploma,16,0,3,43.03
3.6,Bachelor's,4,0,5,20.62
